Property_ID,SquareFootage,Bedrooms,Bathrooms,YearBuilt,HouseAge,Neighborhood,GarageCars,LotArea,DistanceToCityCenter,Price
PROP-10000,2423.0,3,3.0,2014,10,Suburban North,3.0,7439.0,2.3,587200.0
PROP-10001,2010.0,2,2.5,1973,51,Suburban North,2.0,3944.0,14.8,429100.0
PROP-10002,2521.0,2,2.0,2008,16,Lakeside,2.0,9606.0,21.7,577400.0
PROP-10003,3090.0,2,2.5,1978,46,Lakeside,3.0,9387.0,12.6,677000.0
PROP-10004,1948.0,3,1.5,1997,27,Suburban North,0.0,2645.0,2.9,416900.0
PROP-10005,1948.0,4,2.5,1995,29,West Hills,1.0,7490.0,14.5,486100.0
PROP-10006,3126.0,3,1.5,1966,58,Metro East,2.0,3525.0,9.0,556300.0
PROP-10007,2599.0,1,2.5,1989,35,Metro East,2.0,5838.0,4.7,495800.0
PROP-10008,1795.0,2,1.5,1978,46,Suburban North,2.0,5243.0,21.4,354900.0
PROP-10009,2453.0,5,1.5,2008,16,Suburban North,1.0,9523.0,13.5,568700.0
PROP-10010,1799.0,3,1.5,1984,40,Suburban North,0.0,7792.0,23.4,371100.0
PROP-10011,1797.0,4,1.0,1975,49,Metro East,1.0,4286.0,20.3,360800.0
PROP-10012,2257.0,3,2.5,2006,18,Downtown,1.0,9700.0,17.6,514000.0
PROP-10013,856.0,3,2.5,2013,11,West Hills,1.0,3915.0,1.1,348400.0
PROP-10014,979.0,2,2.0,1999,25,Suburban North,2.0,8325.0,11.3,299300.0
PROP-10015,1735.0,2,1.5,2010,14,Suburban North,0.0,5465.0,5.7,389600.0
PROP-10016,1442.0,3,1.0,1967,57,Suburban North,2.0,6586.0,22.9,301600.0
PROP-10017,2304.0,4,1.0,1977,47,Metro East,1.0,8761.0,5.2,465600.0
PROP-10018,1510.0,3,1.5,1987,37,Downtown,2.0,8804.0,7.9,418100.0
PROP-10019,1182.0,3,3.0,1975,49,West Hills,0.0,10842.0,13.4,326100.0
PROP-10020,3053.0,1,1.5,2011,13,Downtown,1.0,7294.0,7.3,637600.0
PROP-10021,1953.0,5,2.0,1978,46,Downtown,0.0,,6.0,463200.0
PROP-10022,2144.0,4,1.5,2001,23,Suburban North,3.0,6406.0,15.4,503100.0
PROP-10023,1174.0,3,1.5,1976,48,Suburban North,2.0,7955.0,3.1,344800.0
PROP-10024,1746.0,5,2.0,2022,2,Suburban North,2.0,8599.0,2.4,465500.0
PROP-10025,2172.0,3,2.5,2004,20,Suburban North,,7254.0,9.9,470600.0
PROP-10026,1352.0,3,1.5,1972,52,Downtown,3.0,,18.3,378400.0
PROP-10027,2344.0,4,1.0,1966,58,Suburban North,1.0,8329.0,14.3,469500.0
PROP-10028,1710.0,4,2.0,1986,38,Metro East,1.0,8411.0,11.1,386600.0
PROP-10029,1910.0,3,1.5,1969,55,Metro East,2.0,5800.0,14.6,399200.0
PROP-10030,1709.0,2,1.5,1993,31,Suburban North,3.0,4289.0,9.8,438900.0
PROP-10031,3304.0,3,3.5,1995,29,West Hills,0.0,11190.0,23.5,642700.0
PROP-10032,2091.0,5,2.5,1984,40,Metro East,1.0,8729.0,2.3,450200.0
PROP-10033,1412.0,2,2.0,1965,59,Downtown,3.0,6927.0,17.2,404600.0
PROP-10034,2635.0,3,2.0,1983,41,Lakeside,1.0,4657.0,22.4,599500.0
PROP-10035,1306.0,3,2.0,1977,47,Metro East,1.0,5445.0,20.3,299400.0
PROP-10036,2236.0,3,2.0,1982,42,Downtown,2.0,10756.0,5.4,524000.0
PROP-10037,826.0,3,2.5,1965,59,Downtown,2.0,7844.0,8.1,326500.0
PROP-10038,1237.0,5,2.5,1988,36,Metro East,2.0,6124.0,18.2,322900.0
PROP-10039,2228.0,2,1.5,2021,3,Suburban North,3.0,8774.0,3.0,529800.0
PROP-10040,2580.0,2,2.0,1984,40,Downtown,2.0,5464.0,20.5,524400.0
PROP-10041,2211.0,2,2.0,2014,10,Suburban North,0.0,11252.0,18.3,445300.0
PROP-10042,2025.0,4,3.0,1976,48,Suburban North,3.0,10882.0,18.5,468100.0
PROP-10043,1904.0,3,2.5,2005,19,West Hills,1.0,6334.0,3.4,485000.0
PROP-10044,1139.0,3,2.0,1983,41,West Hills,1.0,5928.0,18.2,314800.0
PROP-10045,1632.0,4,1.5,1970,54,Metro East,2.0,2000.0,17.3,358000.0
PROP-10046,1801.0,4,2.5,1985,39,Suburban North,1.0,3796.0,20.9,408100.0
PROP-10047,2787.0,4,1.5,2022,2,Suburban North,0.0,4151.0,2.0,558400.0
PROP-10048,2323.0,5,2.0,2010,14,Suburban North,0.0,7838.0,1.6,539000.0
PROP-10049,954.0,3,1.5,2021,3,Suburban North,1.0,6684.0,10.0,300000.0
PROP-10050,2311.0,4,2.5,1993,31,Downtown,2.0,4137.0,4.6,558800.0
PROP-10051,1850.0,3,1.5,1987,37,Metro East,2.0,6797.0,14.4,436300.0
PROP-10052,1660.0,4,2.0,1962,62,Lakeside,3.0,8763.0,23.0,469100.0
PROP-10053,2498.0,4,3.0,1970,54,Suburban North,1.0,8820.0,10.4,530200.0
PROP-10054,2770.0,4,1.5,1997,27,West Hills,1.0,,21.3,586500.0
PROP-10055,2705.0,3,2.0,2020,4,Downtown,1.0,7179.0,1.0,658100.0
PROP-10056,1555.0,2,2.0,1973,51,Suburban North,,4042.0,5.0,356600.0
PROP-10057,1899.0,3,1.0,2010,14,West Hills,1.0,9754.0,1.7,471700.0
PROP-10058,2315.0,6,2.5,1985,39,Suburban North,2.0,9460.0,8.9,532900.0
PROP-10059,2734.0,5,1.0,2007,17,Metro East,3.0,5255.0,22.8,548500.0
PROP-10060,1789.0,1,2.0,1980,44,West Hills,3.0,5585.0,3.3,441500.0
PROP-10061,1979.0,2,2.0,2013,11,Suburban North,1.0,6347.0,15.6,433700.0
PROP-10062,1381.0,2,2.5,2015,9,Lakeside,2.0,2000.0,11.8,441500.0
PROP-10063,1322.0,4,2.5,1998,26,Downtown,1.0,8340.0,23.5,402600.0
PROP-10064,2628.0,4,2.0,1989,35,Suburban North,1.0,6818.0,3.9,559700.0
PROP-10065,2982.0,2,1.0,2018,6,Suburban North,2.0,9925.0,6.1,575600.0
PROP-10066,2053.0,3,2.5,1967,57,Suburban North,2.0,4754.0,1.7,453900.0
PROP-10067,2752.0,4,2.0,2010,14,Lakeside,1.0,5952.0,11.4,627700.0
PROP-10068,2335.0,4,3.0,1979,45,Suburban North,1.0,3734.0,7.7,508900.0
PROP-10069,1681.0,3,3.0,2007,17,Lakeside,1.0,4989.0,21.9,484700.0
PROP-10070,2335.0,3,3.0,1991,33,West Hills,2.0,4545.0,15.5,515200.0
PROP-10071,3100.0,3,2.0,1981,43,Suburban North,2.0,9990.0,15.7,597300.0
PROP-10072,2077.0,3,2.0,2018,6,Lakeside,3.0,5754.0,13.8,575000.0
PROP-10073,3117.0,3,2.5,1966,58,Downtown,0.0,7810.0,3.2,635000.0
PROP-10074,600.0,3,2.0,1968,56,Downtown,1.0,6548.0,11.7,274200.0
PROP-10075,2634.0,4,1.5,2004,20,Suburban North,2.0,4326.0,25.0,528600.0
PROP-10076,2157.0,3,3.0,1960,64,Suburban North,2.0,7079.0,21.0,463000.0
PROP-10077,1906.0,4,3.0,1988,36,Downtown,1.0,8998.0,22.4,478300.0
PROP-10078,2160.0,2,2.0,2022,2,West Hills,,4481.0,20.8,502800.0
PROP-10079,808.0,3,1.0,1967,57,Suburban North,2.0,9523.0,3.5,237900.0
PROP-10080,1957.0,1,2.0,2015,9,Suburban North,3.0,5376.0,6.5,454600.0
PROP-10081,2332.0,2,3.0,2013,11,Metro East,2.0,6293.0,1.1,525900.0
PROP-10082,3061.0,4,3.0,1963,61,West Hills,2.0,8827.0,8.3,663500.0
PROP-10083,1763.0,6,1.5,1994,30,Lakeside,2.0,5841.0,3.6,555500.0
PROP-10084,1574.0,2,1.0,2018,6,Downtown,2.0,7594.0,12.3,417300.0
PROP-10085,1774.0,3,3.0,1962,62,West Hills,1.0,6713.0,17.3,447000.0
PROP-10086,2695.0,4,2.0,2013,11,Lakeside,1.0,7823.0,22.0,602600.0
PROP-10087,2314.0,2,2.0,2004,20,West Hills,1.0,2000.0,19.0,510600.0
PROP-10088,1756.0,3,3.5,1999,25,West Hills,2.0,2926.0,23.5,464800.0
PROP-10089,2434.0,4,1.0,1966,58,Suburban North,1.0,9040.0,2.3,483500.0
PROP-10090,2163.0,3,2.5,1986,38,Downtown,3.0,10093.0,1.3,571700.0
PROP-10091,2730.0,2,1.0,1960,64,Suburban North,1.0,5224.0,16.9,482200.0
PROP-10092,1644.0,3,2.0,1986,38,Suburban North,0.0,6890.0,7.9,387500.0
PROP-10093,1887.0,4,3.0,1975,49,Lakeside,2.0,8237.0,7.1,528900.0
PROP-10094,1845.0,3,2.0,1997,27,Downtown,0.0,9233.0,8.9,453000.0
PROP-10095,1149.0,1,4.0,1966,58,Metro East,1.0,2431.0,7.5,317500.0
PROP-10096,2292.0,4,2.0,2003,21,Metro East,1.0,5285.0,13.3,475300.0
PROP-10097,2270.0,1,2.0,1982,42,Downtown,2.0,6669.0,11.6,522300.0
PROP-10098,2103.0,4,1.5,2000,24,Suburban North,1.0,9258.0,13.3,459400.0
PROP-10099,1948.0,2,2.0,2018,6,Lakeside,2.0,13746.0,17.1,545300.0
PROP-10100,1180.0,5,2.0,1970,54,Metro East,2.0,6930.0,10.3,317100.0
PROP-10101,1827.0,3,1.0,2001,23,Suburban North,1.0,3983.0,7.0,396600.0
PROP-10102,1877.0,3,2.0,2012,12,Suburban North,1.0,8506.0,5.0,476500.0
PROP-10103,1579.0,2,2.0,1992,32,Suburban North,1.0,10802.0,9.4,367200.0
PROP-10104,1995.0,3,2.5,2009,15,West Hills,2.0,7770.0,18.8,516300.0
PROP-10105,2363.0,4,2.5,2022,2,Suburban North,0.0,5233.0,19.2,519100.0
PROP-10106,3326.0,6,2.5,1995,29,West Hills,0.0,9895.0,17.0,681900.0
PROP-10107,2213.0,3,1.0,1996,28,Downtown,2.0,9159.0,6.6,494700.0
PROP-10108,2267.0,3,1.5,2000,24,Downtown,2.0,4935.0,15.1,526000.0
PROP-10109,2052.0,4,2.5,2018,6,Suburban North,1.0,8454.0,14.7,484200.0
PROP-10110,853.0,4,2.0,2022,2,Suburban North,1.0,9993.0,12.6,328700.0
PROP-10111,2083.0,3,1.0,1976,48,Suburban North,3.0,10455.0,14.2,481900.0
PROP-10112,2139.0,3,3.0,1994,30,Suburban North,2.0,7334.0,12.8,480600.0
PROP-10113,3701.0,3,2.5,2007,17,Suburban North,2.0,6605.0,14.6,729200.0
PROP-10114,1975.0,3,2.0,1964,60,Downtown,2.0,10568.0,18.2,484600.0
PROP-10115,2296.0,1,1.0,2007,17,Suburban North,2.0,4475.0,3.6,495600.0
PROP-10116,2077.0,3,2.5,1991,33,Metro East,3.0,8596.0,19.0,467300.0
PROP-10117,1340.0,3,2.0,1962,62,Suburban North,3.0,4075.0,4.3,329700.0
PROP-10118,2843.0,4,2.5,2011,13,Suburban North,1.0,10163.0,2.6,613500.0
PROP-10119,2589.0,2,2.5,2006,18,West Hills,2.0,6855.0,24.4,527200.0
PROP-10120,2614.0,3,3.0,2021,3,Metro East,1.0,10671.0,24.0,524500.0
PROP-10121,1509.0,3,2.0,1994,30,Downtown,1.0,8729.0,2.5,451400.0
PROP-10122,3012.0,3,1.5,2011,13,West Hills,2.0,4442.0,11.6,632700.0
PROP-10123,1189.0,2,2.5,1973,51,West Hills,1.0,11062.0,5.5,368300.0
PROP-10124,2481.0,3,2.5,2022,2,West Hills,3.0,11378.0,12.6,603100.0
PROP-10125,3524.0,3,2.5,2007,17,Downtown,0.0,9706.0,20.9,673100.0
PROP-10126,1456.0,3,1.5,2020,4,West Hills,2.0,5596.0,23.8,341500.0
PROP-10127,1732.0,3,1.5,2020,4,Downtown,3.0,6735.0,16.2,479600.0
PROP-10128,2165.0,3,3.0,1990,34,West Hills,3.0,7864.0,9.5,536800.0
PROP-10129,1773.0,4,2.5,1990,34,West Hills,1.0,5741.0,15.5,426400.0
PROP-10130,1092.0,3,3.0,1976,48,Downtown,1.0,11731.0,8.5,341800.0
PROP-10131,2145.0,4,2.5,2019,5,Lakeside,2.0,7861.0,22.8,547900.0
PROP-10132,1410.0,3,2.0,1983,41,Downtown,1.0,2000.0,21.9,365800.0
PROP-10133,2408.0,2,2.5,2011,13,Lakeside,3.0,8348.0,14.4,611800.0
PROP-10134,1502.0,2,3.0,1982,42,Suburban North,3.0,6630.0,8.8,405000.0
PROP-10135,3107.0,3,2.0,1977,47,Downtown,1.0,7313.0,8.0,671800.0
PROP-10136,1591.0,4,2.5,2009,15,Downtown,1.0,6578.0,1.8,457000.0
PROP-10137,1891.0,4,1.5,2013,11,Metro East,0.0,9518.0,20.6,409200.0
PROP-10138,2629.0,4,2.0,1973,51,Downtown,3.0,10299.0,11.8,611000.0
PROP-10139,1300.0,3,2.5,2009,15,Downtown,1.0,8208.0,8.8,422800.0
PROP-10140,2248.0,3,2.0,1974,50,Suburban North,1.0,6652.0,12.3,454900.0
PROP-10141,2950.0,2,1.5,1974,50,West Hills,1.0,7397.0,20.6,573300.0
PROP-10142,1055.0,3,2.0,1965,59,Suburban North,2.0,7549.0,4.0,320300.0
PROP-10143,2220.0,3,1.5,1986,38,Downtown,0.0,5494.0,21.6,457200.0
PROP-10144,2269.0,2,1.5,1974,50,Suburban North,1.0,8947.0,22.5,428500.0
PROP-10145,2608.0,2,2.0,2009,15,Downtown,3.0,8650.0,23.7,577800.0
PROP-10146,1296.0,3,3.0,1995,29,Downtown,3.0,11351.0,10.5,449100.0
PROP-10147,1242.0,4,2.0,2014,10,Suburban North,2.0,10638.0,6.2,365000.0
PROP-10148,2439.0,6,1.5,1967,57,West Hills,0.0,5786.0,10.0,527000.0
PROP-10149,2293.0,5,1.0,1974,50,Downtown,1.0,9551.0,9.0,537900.0
PROP-10150,2263.0,3,2.5,1962,62,Suburban North,2.0,,5.2,492700.0
PROP-10151,2325.0,3,2.0,2021,3,Suburban North,1.0,9240.0,15.6,525900.0
PROP-10152,1658.0,3,3.0,2006,18,Metro East,3.0,6208.0,12.4,439300.0
PROP-10153,2251.0,4,2.5,1972,52,Metro East,2.0,4942.0,21.8,459200.0
PROP-10154,2290.0,2,2.5,2000,24,Lakeside,0.0,8200.0,1.8,557000.0
PROP-10155,1636.0,3,2.0,1993,31,Downtown,3.0,2000.0,16.5,453600.0
PROP-10156,3313.0,4,2.5,1983,41,Downtown,3.0,3123.0,19.3,710000.0
PROP-10157,2408.0,3,2.0,1999,25,Suburban North,0.0,7056.0,19.2,442500.0
PROP-10158,1326.0,3,3.5,1991,33,Suburban North,2.0,7706.0,22.3,360000.0
PROP-10159,2527.0,3,2.5,2020,4,Suburban North,1.0,6577.0,18.5,504200.0
PROP-10160,1466.0,2,2.0,1991,33,Lakeside,1.0,3551.0,23.3,412500.0
PROP-10161,2612.0,3,2.0,2023,1,Lakeside,1.0,5455.0,9.0,615800.0
PROP-10162,2853.0,3,1.5,1989,35,Lakeside,2.0,8478.0,13.1,628500.0
PROP-10163,1567.0,1,2.5,2011,13,Suburban North,3.0,8954.0,1.3,440800.0
PROP-10164,2726.0,1,1.5,2008,16,West Hills,2.0,7459.0,1.2,588800.0
PROP-10165,2368.0,4,2.0,1972,52,Suburban North,0.0,10392.0,6.8,470500.0
PROP-10166,2634.0,3,2.0,1960,64,Downtown,2.0,8493.0,3.4,586600.0
PROP-10167,3333.0,3,2.5,1993,31,West Hills,1.0,5631.0,7.2,668400.0
PROP-10168,1940.0,3,3.0,2021,3,Downtown,2.0,6799.0,5.2,508200.0
PROP-10169,1610.0,5,2.5,1974,50,Suburban North,1.0,3993.0,1.7,407800.0
PROP-10170,1522.0,3,2.5,2003,21,Suburban North,1.0,7230.0,22.8,363900.0
PROP-10171,1570.0,3,1.5,1973,51,West Hills,1.0,10280.0,1.2,402100.0
PROP-10172,2050.0,4,1.0,2016,8,Lakeside,2.0,9213.0,18.7,500800.0
PROP-10173,2322.0,4,2.5,1988,36,Suburban North,1.0,11005.0,4.7,543800.0
PROP-10174,2280.0,2,2.0,1993,31,Lakeside,2.0,6743.0,22.9,526500.0
PROP-10175,2638.0,4,2.0,1977,47,Suburban North,1.0,10865.0,22.4,521400.0
PROP-10176,2108.0,3,1.0,2013,11,Suburban North,1.0,7017.0,16.7,449600.0
PROP-10177,3045.0,3,2.0,1966,58,West Hills,2.0,11179.0,17.1,595800.0
PROP-10178,1928.0,2,1.0,1988,36,West Hills,3.0,7445.0,1.1,479300.0
PROP-10179,3868.0,2,3.0,2014,10,Metro East,3.0,9268.0,24.6,713600.0
PROP-10180,2507.0,4,1.5,1990,34,Downtown,1.0,11188.0,22.1,530900.0
PROP-10181,1543.0,3,2.0,2023,1,West Hills,1.0,7016.0,22.5,409800.0
PROP-10182,1404.0,3,1.0,2020,4,West Hills,,8046.0,16.8,397700.0
PROP-10183,2414.0,4,2.5,1984,40,Metro East,2.0,10722.0,9.3,533200.0
PROP-10184,1955.0,4,2.0,1997,27,Downtown,2.0,7167.0,22.4,506800.0
PROP-10185,2564.0,2,3.0,1973,51,Lakeside,3.0,4198.0,8.0,603900.0
PROP-10186,2408.0,3,3.0,1967,57,West Hills,3.0,12858.0,14.5,529200.0
PROP-10187,2053.0,2,2.0,1986,38,Suburban North,1.0,6326.0,3.4,472300.0
PROP-10188,1550.0,4,3.0,2013,11,Suburban North,2.0,7897.0,23.1,451500.0
PROP-10189,1115.0,3,4.0,1961,63,Suburban North,2.0,10390.0,4.4,387500.0
PROP-10190,1810.0,5,3.0,1976,48,West Hills,2.0,5979.0,6.4,487400.0
PROP-10191,2657.0,2,3.0,1996,28,Lakeside,0.0,4980.0,14.4,565300.0
PROP-10192,2239.0,2,1.5,1973,51,West Hills,1.0,8134.0,19.3,434300.0
PROP-10193,1290.0,3,2.0,1984,40,West Hills,1.0,3017.0,15.9,314200.0
PROP-10194,2213.0,3,1.0,2015,9,Suburban North,1.0,6780.0,6.6,474900.0
PROP-10195,2350.0,2,1.0,1989,35,Downtown,1.0,8113.0,1.0,552800.0
PROP-10196,1525.0,5,4.0,1988,36,Downtown,0.0,6825.0,19.2,443300.0
PROP-10197,2200.0,2,2.0,1979,45,Suburban North,2.0,3641.0,24.6,441300.0
PROP-10198,2138.0,3,2.5,1980,44,Suburban North,1.0,11485.0,20.4,475700.0
PROP-10199,1357.0,4,3.0,2020,4,Downtown,0.0,7759.0,12.0,418600.0
PROP-10200,2333.0,3,3.0,2012,12,Suburban North,1.0,11078.0,22.7,541100.0
PROP-10201,2465.0,4,4.0,1981,43,Suburban North,2.0,6850.0,10.8,601100.0
PROP-10202,2804.0,2,1.5,1994,30,Suburban North,2.0,5300.0,13.6,543600.0
PROP-10203,2785.0,3,1.0,1996,28,Suburban North,2.0,8173.0,12.5,543000.0
PROP-10204,1205.0,1,2.0,1975,49,Downtown,1.0,6961.0,11.7,346200.0
PROP-10205,1490.0,2,1.5,2009,15,Metro East,3.0,4556.0,19.6,342200.0
PROP-10206,2435.0,5,1.0,2017,7,Lakeside,1.0,11174.0,13.6,572100.0
PROP-10207,2434.0,2,2.0,2023,1,West Hills,1.0,5944.0,8.6,563000.0
PROP-10208,2435.0,3,2.5,2008,16,Downtown,1.0,2899.0,7.2,592600.0
PROP-10209,4604.0,3,2.0,2002,22,Lakeside,1.0,,1.9,914100.0
PROP-10210,2471.0,3,2.0,1976,48,Lakeside,1.0,6239.0,15.0,533400.0
PROP-10211,2838.0,4,2.5,1975,49,Lakeside,3.0,5980.0,6.5,653000.0
PROP-10212,2720.0,1,1.5,2017,7,Downtown,2.0,3087.0,4.6,596700.0
PROP-10213,2523.0,3,1.0,2014,10,West Hills,1.0,11852.0,16.7,525000.0
PROP-10214,1895.0,5,2.5,1961,63,Lakeside,3.0,4276.0,17.3,514200.0
PROP-10215,2593.0,3,2.5,1963,61,West Hills,0.0,7646.0,19.1,532000.0
PROP-10216,1598.0,5,2.5,1980,44,West Hills,1.0,9782.0,13.1,447000.0
PROP-10217,1946.0,2,1.0,1998,26,Suburban North,2.0,8554.0,22.5,427800.0
PROP-10218,1785.0,3,3.0,1993,31,Suburban North,2.0,7351.0,23.5,403900.0
PROP-10219,2153.0,3,2.5,1989,35,Downtown,0.0,3246.0,20.4,472900.0
PROP-10220,3605.0,4,2.0,1965,59,West Hills,1.0,5476.0,16.3,696300.0
PROP-10221,886.0,6,2.5,1976,48,Downtown,2.0,,8.3,390000.0
PROP-10222,2546.0,3,3.0,1998,26,Suburban North,2.0,5532.0,24.6,558700.0
PROP-10223,1052.0,3,2.0,1984,40,Suburban North,2.0,8008.0,7.6,328500.0
PROP-10224,1793.0,2,2.0,1964,60,Suburban North,1.0,9204.0,5.9,425700.0
PROP-10225,2808.0,3,4.0,1964,60,Downtown,0.0,9906.0,11.6,618400.0
PROP-10226,2142.0,3,2.5,1979,45,West Hills,1.0,4435.0,2.4,519000.0
PROP-10227,1399.0,5,2.0,2023,1,Lakeside,1.0,12992.0,24.5,441400.0
PROP-10228,1635.0,3,2.5,1975,49,Downtown,3.0,9419.0,15.1,457100.0
PROP-10229,2542.0,3,2.0,2010,14,Downtown,2.0,7496.0,14.4,602500.0
PROP-10230,1625.0,2,1.5,2000,24,Downtown,1.0,10224.0,16.7,438300.0
PROP-10231,2241.0,2,2.0,1996,28,Lakeside,2.0,13414.0,12.9,563700.0
PROP-10232,2130.0,2,3.5,1999,25,Suburban North,2.0,3903.0,1.8,505500.0
PROP-10233,1676.0,3,3.5,1968,56,Suburban North,1.0,6937.0,15.7,422000.0
PROP-10234,3494.0,4,2.0,1964,60,Downtown,2.0,2000.0,18.2,653800.0
PROP-10235,2512.0,3,2.0,2001,23,West Hills,2.0,7982.0,11.0,537000.0
PROP-10236,784.0,3,1.5,2016,8,Lakeside,2.0,8413.0,19.2,350800.0
PROP-10237,2221.0,2,4.0,1961,63,Lakeside,0.0,7402.0,6.4,535700.0
PROP-10238,1670.0,4,4.0,1968,56,West Hills,2.0,5864.0,6.3,484300.0
PROP-10239,2654.0,4,2.5,2002,22,Downtown,2.0,2376.0,4.9,630700.0
PROP-10240,1585.0,2,3.0,1995,29,Downtown,1.0,8434.0,9.9,447600.0
PROP-10241,2025.0,4,2.5,1981,43,Downtown,1.0,11139.0,21.3,476000.0
PROP-10242,2428.0,3,2.0,2023,1,Suburban North,2.0,6022.0,20.9,529800.0
PROP-10243,2663.0,2,1.0,1981,43,Downtown,0.0,8600.0,10.2,551000.0
PROP-10244,1320.0,3,2.0,1981,43,Suburban North,2.0,3580.0,15.1,361000.0
PROP-10245,1883.0,3,2.5,1993,31,Suburban North,2.0,8643.0,18.3,474100.0
PROP-10246,1791.0,2,2.5,2014,10,Metro East,1.0,6517.0,6.8,413200.0
PROP-10247,1675.0,5,2.0,1988,36,West Hills,0.0,5594.0,5.0,440600.0
PROP-10248,3248.0,4,3.5,1997,27,Lakeside,2.0,5599.0,24.3,692000.0
PROP-10249,2363.0,3,1.5,2018,6,West Hills,1.0,6516.0,15.8,508000.0
PROP-10250,1280.0,3,2.0,2005,19,Downtown,2.0,8456.0,24.6,379100.0
PROP-10251,2697.0,3,2.5,1992,32,West Hills,2.0,4220.0,9.1,610400.0
PROP-10252,3479.0,3,2.5,1977,47,Suburban North,2.0,6507.0,17.9,646000.0
PROP-10253,2771.0,3,2.5,1966,58,West Hills,3.0,7396.0,6.3,623500.0
PROP-10254,1112.0,2,2.0,1960,64,Suburban North,2.0,4752.0,7.3,298200.0
PROP-10255,1785.0,3,1.5,2022,2,Metro East,1.0,11992.0,13.3,399300.0
PROP-10256,2923.0,4,2.5,1992,32,Suburban North,3.0,5366.0,8.7,633300.0
PROP-10257,1640.0,3,2.0,1960,64,Suburban North,2.0,5826.0,5.0,385700.0
PROP-10258,2388.0,2,1.5,1983,41,Metro East,1.0,5054.0,7.3,446800.0
PROP-10259,2604.0,4,2.5,1963,61,Downtown,1.0,11996.0,1.9,568200.0
PROP-10260,1497.0,2,2.0,1963,61,West Hills,2.0,8882.0,17.9,362400.0
PROP-10261,2061.0,3,2.5,2020,4,West Hills,1.0,5159.0,12.8,488300.0
PROP-10262,600.0,2,3.0,1977,47,Lakeside,2.0,10266.0,3.3,322500.0
PROP-10263,1434.0,3,1.5,1986,38,Metro East,2.0,8002.0,5.1,360700.0
PROP-10264,1936.0,4,1.0,2002,22,Metro East,1.0,8143.0,3.5,439700.0
PROP-10265,1289.0,3,2.5,2018,6,Downtown,2.0,6639.0,15.7,419400.0
PROP-10266,3161.0,2,2.5,1991,33,Lakeside,0.0,5626.0,3.3,685600.0
PROP-10267,1170.0,4,2.5,1992,32,West Hills,1.0,8344.0,19.1,364800.0
PROP-10268,1814.0,4,3.0,1987,37,West Hills,2.0,6137.0,1.5,492300.0
PROP-10269,2185.0,4,3.0,2001,23,Downtown,1.0,12042.0,7.0,554400.0
PROP-10270,3037.0,2,3.5,2000,24,West Hills,2.0,4327.0,22.4,633300.0
PROP-10271,1167.0,3,2.0,2014,10,Metro East,2.0,11340.0,18.2,332400.0
PROP-10272,2856.0,6,2.0,1995,29,Metro East,2.0,7222.0,2.8,640100.0
PROP-10273,2107.0,4,2.0,2019,5,Suburban North,0.0,8248.0,20.7,477300.0
PROP-10274,1462.0,1,1.5,1965,59,Downtown,1.0,9583.0,12.8,346900.0
PROP-10275,2400.0,2,2.0,2021,3,Suburban North,2.0,5924.0,21.3,499000.0
PROP-10276,2229.0,3,2.0,1975,49,Lakeside,3.0,9661.0,15.4,565800.0
PROP-10277,1710.0,5,3.5,1993,31,West Hills,2.0,2000.0,17.4,493600.0
PROP-10278,2145.0,3,2.0,1982,42,Suburban North,2.0,5700.0,24.8,461300.0
PROP-10279,1850.0,3,2.0,2009,15,Downtown,1.0,5190.0,6.6,480200.0
PROP-10280,2174.0,2,2.0,2001,23,Suburban North,1.0,,16.0,425100.0
PROP-10281,2530.0,3,1.0,1983,41,Suburban North,2.0,6963.0,12.0,489500.0
PROP-10282,3131.0,4,1.0,2015,9,Metro East,1.0,8464.0,1.9,617800.0
PROP-10283,1295.0,3,2.0,2008,16,West Hills,0.0,9257.0,1.3,385800.0
PROP-10284,3486.0,4,1.0,1972,52,Suburban North,3.0,8102.0,3.9,662600.0
PROP-10285,831.0,5,2.5,2015,9,Suburban North,1.0,5836.0,16.6,310100.0
PROP-10286,2001.0,2,3.0,1977,47,Downtown,1.0,8423.0,14.6,488800.0
PROP-10287,2482.0,3,3.0,2013,11,Metro East,0.0,7811.0,14.3,482200.0
PROP-10288,2283.0,3,2.5,1972,52,Suburban North,3.0,9840.0,1.8,548200.0
PROP-10289,1695.0,4,1.5,2008,16,Suburban North,2.0,9442.0,12.3,419800.0
PROP-10290,1965.0,3,3.0,1996,28,Suburban North,2.0,7576.0,23.2,473200.0
PROP-10291,1780.0,3,3.0,2002,22,West Hills,3.0,5257.0,10.5,478100.0
PROP-10292,1717.0,4,1.5,1998,26,West Hills,1.0,5868.0,16.0,403800.0
PROP-10293,2652.0,3,2.5,2020,4,West Hills,2.0,6126.0,19.7,578100.0
PROP-10294,2332.0,5,2.0,2001,23,Suburban North,0.0,6712.0,19.8,487400.0
PROP-10295,1650.0,3,3.0,1976,48,Suburban North,1.0,8170.0,13.5,388100.0
PROP-10296,2685.0,2,4.0,1974,50,Downtown,2.0,9288.0,21.6,592200.0
PROP-10297,2300.0,3,1.0,1977,47,West Hills,2.0,7372.0,10.4,504600.0
PROP-10298,2628.0,4,3.0,1982,42,Downtown,1.0,,22.3,578600.0
PROP-10299,2509.0,3,2.5,2013,11,West Hills,1.0,7858.0,6.8,570200.0
PROP-10300,1561.0,4,4.0,2010,14,Lakeside,2.0,6210.0,7.7,492100.0
PROP-10301,1736.0,5,2.0,1989,35,Lakeside,0.0,5187.0,2.3,496600.0
PROP-10302,2586.0,3,3.0,2017,7,Suburban North,1.0,3111.0,20.1,537900.0
PROP-10303,2497.0,6,1.0,1993,31,Suburban North,1.0,5762.0,11.0,561000.0
PROP-10304,2086.0,2,2.0,2017,7,Downtown,1.0,8683.0,6.5,495700.0
PROP-10305,2176.0,2,1.0,1963,61,West Hills,2.0,5743.0,6.6,431300.0
PROP-10306,2930.0,2,4.0,1962,62,Lakeside,1.0,6905.0,22.6,635300.0
PROP-10307,1715.0,4,3.0,1966,58,Downtown,1.0,8666.0,21.0,448800.0
PROP-10308,2456.0,3,3.0,2015,9,Suburban North,2.0,8802.0,14.3,533400.0
PROP-10309,1969.0,2,3.5,1977,47,Lakeside,2.0,4801.0,15.8,482700.0
PROP-10310,1959.0,3,1.0,2001,23,Lakeside,1.0,9993.0,12.4,516900.0
PROP-10311,2814.0,3,2.0,1966,58,Downtown,0.0,10318.0,10.4,602900.0
PROP-10312,2637.0,2,1.0,1999,25,West Hills,1.0,4675.0,23.0,463600.0
PROP-10313,2629.0,4,1.5,1965,59,Downtown,2.0,5440.0,4.0,580900.0
PROP-10314,2949.0,4,1.5,1981,43,Downtown,2.0,10478.0,11.0,669400.0
PROP-10315,2114.0,3,2.0,2017,7,Metro East,2.0,7133.0,9.3,463700.0
PROP-10316,2543.0,5,2.0,1960,64,Lakeside,3.0,2000.0,13.0,600800.0
PROP-10317,1898.0,3,1.5,1963,61,Lakeside,2.0,4001.0,12.0,468200.0
PROP-10318,2311.0,6,1.5,2005,19,Downtown,2.0,,13.5,558500.0
PROP-10319,2015.0,3,1.5,2008,16,Lakeside,2.0,4592.0,4.4,503200.0
PROP-10320,2163.0,3,4.0,2011,13,Suburban North,0.0,6466.0,13.3,512500.0
PROP-10321,2487.0,2,2.5,2009,15,Suburban North,3.0,7581.0,6.8,524500.0
PROP-10322,1568.0,4,3.5,2002,22,Suburban North,1.0,11156.0,5.4,444200.0
PROP-10323,3460.0,3,2.0,1988,36,Downtown,1.0,6774.0,2.6,726200.0
PROP-10324,1446.0,2,2.0,1980,44,Lakeside,2.0,10181.0,19.3,383400.0
PROP-10325,1311.0,1,2.5,1985,39,West Hills,1.0,11072.0,11.3,333600.0
PROP-10326,2853.0,3,2.0,1973,51,Downtown,2.0,11086.0,16.0,630400.0
PROP-10327,2615.0,3,2.0,1968,56,Downtown,2.0,8212.0,18.5,572400.0
PROP-10328,2506.0,4,1.5,2018,6,Downtown,1.0,2592.0,17.3,552300.0
PROP-10329,2508.0,4,1.5,2006,18,Downtown,2.0,8652.0,12.3,608800.0
PROP-10330,2092.0,2,2.0,1971,53,West Hills,1.0,10121.0,10.3,480200.0
PROP-10331,1517.0,4,2.0,2001,23,Lakeside,1.0,7297.0,10.0,461600.0
PROP-10332,2149.0,2,2.5,2010,14,Downtown,2.0,11861.0,16.4,511000.0
PROP-10333,1660.0,4,1.0,2015,9,Downtown,2.0,9650.0,12.9,453800.0
PROP-10334,2734.0,4,1.5,2010,14,West Hills,2.0,8921.0,21.4,591700.0
PROP-10335,2004.0,3,3.0,1965,59,Lakeside,1.0,10216.0,22.0,488000.0
PROP-10336,1563.0,4,1.5,2023,1,Suburban North,2.0,8333.0,5.1,445700.0
PROP-10337,1891.0,3,2.0,1979,45,Suburban North,1.0,2000.0,4.3,395600.0
PROP-10338,2368.0,3,3.0,1983,41,West Hills,3.0,,16.1,524800.0
PROP-10339,1734.0,4,1.5,1986,38,Suburban North,1.0,10493.0,8.2,414800.0
PROP-10340,1566.0,3,1.0,1997,27,Downtown,2.0,5481.0,1.4,430200.0
PROP-10341,2258.0,3,2.0,1967,57,West Hills,0.0,6941.0,22.3,440800.0
PROP-10342,2259.0,3,2.0,1960,64,West Hills,1.0,4888.0,6.4,457000.0
PROP-10343,1770.0,4,2.0,2013,11,West Hills,2.0,11960.0,23.3,458300.0
PROP-10344,1794.0,3,3.0,2008,16,West Hills,2.0,11704.0,18.2,471600.0
PROP-10345,2251.0,2,1.5,2008,16,West Hills,2.0,5290.0,19.3,501400.0
PROP-10346,1159.0,4,2.0,1983,41,Downtown,3.0,7868.0,5.8,412600.0
PROP-10347,1185.0,4,2.0,2023,1,Suburban North,2.0,5799.0,6.6,374900.0
PROP-10348,1633.0,2,1.5,2006,18,Downtown,2.0,9037.0,13.5,454800.0
PROP-10349,1961.0,2,2.5,1966,58,Downtown,1.0,8774.0,5.1,449400.0
PROP-10350,2302.0,2,2.0,1978,46,West Hills,2.0,9529.0,8.3,521000.0
PROP-10351,3059.0,3,2.0,1981,43,Lakeside,1.0,8330.0,8.7,628400.0
PROP-10352,2657.0,3,1.0,2022,2,Metro East,2.0,14839.0,4.8,538500.0
PROP-10353,1996.0,4,2.0,2016,8,West Hills,3.0,4930.0,5.9,508700.0
PROP-10354,2088.0,3,2.0,2014,10,Downtown,3.0,3223.0,19.9,536900.0
PROP-10355,1448.0,3,3.0,2019,5,Downtown,2.0,6517.0,5.0,465900.0
PROP-10356,2088.0,3,1.0,1994,30,Lakeside,2.0,3580.0,1.7,529800.0
PROP-10357,1912.0,4,2.0,2021,3,West Hills,2.0,3769.0,16.1,466900.0
PROP-10358,2310.0,3,2.0,1989,35,West Hills,1.0,4997.0,24.4,477400.0
PROP-10359,1562.0,5,2.5,1988,36,Lakeside,2.0,5195.0,8.9,477100.0
PROP-10360,2438.0,3,2.0,1981,43,West Hills,0.0,5113.0,3.8,525300.0
PROP-10361,3096.0,2,2.5,1970,54,Lakeside,2.0,8796.0,14.7,640100.0
PROP-10362,2029.0,3,2.5,1979,45,Downtown,1.0,6235.0,22.8,492800.0
PROP-10363,2361.0,3,3.0,2021,3,West Hills,1.0,7051.0,19.8,509600.0
PROP-10364,2549.0,3,2.0,1988,36,Lakeside,1.0,9736.0,15.9,563300.0
PROP-10365,1839.0,2,2.0,2010,14,Suburban North,1.0,5584.0,8.6,450000.0
PROP-10366,2246.0,2,3.0,2000,24,West Hills,2.0,6839.0,14.0,514200.0
PROP-10367,2108.0,4,4.0,2001,23,Suburban North,0.0,8414.0,3.2,488400.0
PROP-10368,2163.0,2,3.0,1993,31,Metro East,2.0,2646.0,17.3,453500.0
PROP-10369,1598.0,4,2.0,1960,64,Downtown,1.0,2000.0,18.4,391800.0
PROP-10370,2116.0,3,1.5,1990,34,West Hills,2.0,8365.0,24.2,450700.0
PROP-10371,2424.0,3,2.0,1989,35,Downtown,2.0,8730.0,7.2,550000.0
PROP-10372,3043.0,3,2.5,2007,17,West Hills,2.0,12661.0,1.4,725200.0
PROP-10373,2724.0,3,2.0,1977,47,Downtown,2.0,7895.0,14.1,587500.0
PROP-10374,3500.0,3,2.0,2014,10,Downtown,1.0,9549.0,18.0,673900.0
PROP-10375,1601.0,2,3.0,2017,7,Suburban North,2.0,7011.0,20.0,430900.0
PROP-10376,2667.0,1,2.0,1976,48,Metro East,1.0,8243.0,5.6,504800.0
PROP-10377,2219.0,3,3.0,1997,27,Downtown,2.0,11668.0,7.3,552800.0
PROP-10378,3523.0,3,2.0,1973,51,Downtown,2.0,2190.0,13.3,683100.0
PROP-10379,1575.0,5,2.0,1982,42,Lakeside,0.0,8534.0,8.9,465900.0
PROP-10380,1554.0,4,2.0,1984,40,Suburban North,2.0,12839.0,21.7,382200.0
PROP-10381,1710.0,4,2.5,1974,50,Metro East,2.0,8205.0,12.4,368300.0
PROP-10382,719.0,4,1.5,2005,19,Downtown,1.0,11626.0,20.2,333700.0
PROP-10383,1758.0,3,1.5,2015,9,West Hills,0.0,5927.0,14.9,406000.0
PROP-10384,1607.0,3,3.5,1981,43,Downtown,0.0,7420.0,19.6,446100.0
PROP-10385,2198.0,5,1.5,1962,62,Downtown,3.0,7584.0,9.0,568800.0
PROP-10386,2322.0,3,2.0,2015,9,West Hills,2.0,2000.0,21.0,500900.0
PROP-10387,3320.0,3,2.0,2014,10,West Hills,1.0,4580.0,7.6,693800.0
PROP-10388,2718.0,2,2.0,1978,46,Lakeside,1.0,4758.0,14.1,568800.0
PROP-10389,1725.0,3,2.5,2016,8,Suburban North,2.0,9555.0,6.1,419300.0
PROP-10390,1516.0,3,1.5,2003,21,Suburban North,2.0,9680.0,12.4,377300.0
PROP-10391,2420.0,4,2.0,1993,31,Suburban North,0.0,8310.0,8.6,513400.0
PROP-10392,1242.0,3,2.0,1994,30,Metro East,1.0,9560.0,7.4,313900.0
PROP-10393,3290.0,3,2.5,2009,15,Suburban North,2.0,7090.0,24.2,634200.0
PROP-10394,2867.0,5,1.5,2020,4,Suburban North,0.0,10505.0,4.8,622200.0
PROP-10395,1795.0,2,2.0,1960,64,Suburban North,1.0,7522.0,19.9,364800.0
PROP-10396,986.0,3,1.5,2011,13,West Hills,3.0,7645.0,24.6,313700.0
PROP-10397,2980.0,1,2.0,1980,44,Suburban North,2.0,6836.0,1.5,595100.0
PROP-10398,2026.0,4,1.5,1988,36,Metro East,1.0,9211.0,17.8,419900.0
PROP-10399,2905.0,5,1.5,1965,59,Suburban North,0.0,6447.0,7.1,516900.0
PROP-10400,1064.0,3,3.0,1996,28,Lakeside,0.0,9941.0,2.0,403600.0
PROP-10401,1710.0,4,2.0,1960,64,Downtown,1.0,4670.0,10.7,440700.0
PROP-10402,2103.0,3,3.5,2010,14,West Hills,2.0,4753.0,23.4,510300.0
PROP-10403,2131.0,5,3.5,1960,64,Metro East,1.0,9219.0,1.3,507700.0
PROP-10404,1807.0,4,2.0,1986,38,Downtown,2.0,7279.0,15.1,462800.0
PROP-10405,2505.0,4,1.5,1980,44,Metro East,3.0,6365.0,13.0,521900.0
PROP-10406,1406.0,1,2.0,2012,12,Suburban North,1.0,9725.0,22.0,298400.0
PROP-10407,2007.0,5,2.5,1975,49,Metro East,1.0,5982.0,3.0,465800.0
PROP-10408,2178.0,4,2.0,2003,21,West Hills,2.0,6999.0,17.4,550400.0
PROP-10409,2434.0,3,1.0,2018,6,Suburban North,3.0,10998.0,17.3,508700.0
PROP-10410,2563.0,4,2.0,2020,4,Downtown,2.0,11348.0,17.1,594200.0
PROP-10411,1369.0,3,3.0,2013,11,Suburban North,0.0,11431.0,23.6,336300.0
PROP-10412,1103.0,4,2.5,1999,25,Downtown,2.0,6795.0,20.8,381700.0
PROP-10413,2930.0,2,1.5,1985,39,Downtown,2.0,10577.0,2.0,611500.0
PROP-10414,2316.0,4,2.5,1975,49,Downtown,3.0,5128.0,12.3,575600.0
PROP-10415,1613.0,3,1.5,1987,37,Suburban North,1.0,5233.0,10.6,386800.0
PROP-10416,3108.0,2,1.5,1960,64,Lakeside,2.0,2000.0,8.4,648000.0
PROP-10417,2175.0,2,3.0,1995,29,Downtown,2.0,11682.0,11.8,506500.0
PROP-10418,2867.0,1,1.5,1969,55,Downtown,1.0,5340.0,10.2,580400.0
PROP-10419,2144.0,3,2.0,2023,1,West Hills,2.0,7184.0,11.4,538700.0
PROP-10420,3439.0,3,1.0,2002,22,Downtown,0.0,5224.0,24.5,657000.0
PROP-10421,3241.0,3,3.0,1976,48,Downtown,1.0,9238.0,3.1,697500.0
PROP-10422,1938.0,3,2.5,2016,8,Downtown,1.0,6561.0,23.1,483600.0
PROP-10423,2732.0,3,2.5,2018,6,Metro East,3.0,4238.0,12.5,595900.0
PROP-10424,2519.0,4,2.5,1982,42,Lakeside,1.0,8604.0,16.0,624100.0
PROP-10425,2990.0,1,1.5,1966,58,Suburban North,2.0,3916.0,20.9,510300.0
PROP-10426,1473.0,5,2.0,2003,21,West Hills,2.0,5406.0,9.7,456900.0
PROP-10427,2546.0,4,2.0,2012,12,Suburban North,1.0,2233.0,11.3,538200.0
PROP-10428,2788.0,3,1.0,1966,58,West Hills,2.0,3940.0,10.8,555000.0
PROP-10429,957.0,3,2.0,2003,21,West Hills,2.0,7946.0,10.0,312500.0
PROP-10430,1331.0,4,3.5,1974,50,West Hills,2.0,2589.0,23.2,379700.0
PROP-10431,774.0,2,1.0,1993,31,Suburban North,2.0,3797.0,20.9,209100.0
PROP-10432,1925.0,2,2.0,2005,19,Downtown,2.0,7494.0,3.6,491900.0
PROP-10433,2566.0,2,1.5,2004,20,Suburban North,1.0,6141.0,3.6,502200.0
PROP-10434,3077.0,4,1.5,1963,61,Lakeside,3.0,12480.0,11.3,675100.0
PROP-10435,2148.0,1,3.0,1973,51,West Hills,1.0,12085.0,3.4,480900.0
PROP-10436,3159.0,3,2.0,1973,51,Lakeside,,5330.0,15.9,667900.0
PROP-10437,1203.0,6,2.0,1975,49,Metro East,1.0,8893.0,4.4,317300.0
PROP-10438,993.0,4,2.5,1966,58,Downtown,3.0,9373.0,13.5,347200.0
PROP-10439,2064.0,3,1.5,1991,33,West Hills,2.0,6006.0,1.2,503900.0
PROP-10440,2350.0,2,2.0,1978,46,West Hills,2.0,3761.0,8.6,496500.0
PROP-10441,2079.0,4,2.0,1961,63,Metro East,1.0,7469.0,17.3,433700.0
PROP-10442,756.0,3,2.0,1969,55,Metro East,1.0,7068.0,12.6,227200.0
PROP-10443,2042.0,2,4.0,2009,15,West Hills,2.0,6411.0,24.5,507900.0
PROP-10444,1252.0,2,2.5,2020,4,Downtown,2.0,8606.0,22.0,415100.0
PROP-10445,2535.0,5,2.0,1976,48,Lakeside,1.0,5623.0,9.6,593800.0
PROP-10446,2338.0,3,3.0,1996,28,Downtown,3.0,4620.0,2.1,588700.0
PROP-10447,1489.0,4,1.5,1971,53,Lakeside,2.0,7773.0,21.3,435100.0
PROP-10448,1766.0,4,1.0,1965,59,Metro East,1.0,8465.0,22.9,353800.0
PROP-10449,1412.0,3,1.5,1981,43,Suburban North,2.0,4558.0,20.7,331100.0
PROP-10450,2059.0,3,2.0,1991,33,West Hills,2.0,9820.0,4.1,530100.0
PROP-10451,2721.0,3,2.0,2000,24,Suburban North,2.0,3074.0,24.9,532500.0
PROP-10452,1459.0,3,2.5,1979,45,Suburban North,1.0,6055.0,7.2,369700.0
PROP-10453,2428.0,3,3.0,1960,64,Suburban North,2.0,6855.0,18.4,502400.0
PROP-10454,1755.0,4,2.0,2013,11,Lakeside,2.0,5909.0,22.8,472600.0
PROP-10455,1585.0,3,2.0,2006,18,Metro East,1.0,6087.0,6.7,378300.0
PROP-10456,2030.0,4,1.0,2012,12,Metro East,2.0,12178.0,22.8,458300.0
PROP-10457,1427.0,3,1.0,2017,7,Downtown,2.0,5373.0,8.4,427200.0
PROP-10458,1740.0,3,2.0,1965,59,Lakeside,2.0,13603.0,24.4,450400.0
PROP-10459,1321.0,3,2.0,1978,46,West Hills,0.0,8593.0,7.8,348500.0
PROP-10460,3377.0,3,3.0,1977,47,Suburban North,2.0,7730.0,23.9,647800.0
PROP-10461,2123.0,4,1.5,1965,59,Downtown,2.0,8691.0,2.3,536300.0
PROP-10462,1645.0,2,1.0,2004,20,Suburban North,1.0,13825.0,18.0,373700.0
PROP-10463,2239.0,3,2.0,1992,32,Metro East,1.0,5016.0,13.8,442600.0
PROP-10464,2027.0,2,1.5,1982,42,West Hills,2.0,4699.0,12.5,457600.0
PROP-10465,1956.0,3,1.0,1982,42,West Hills,2.0,5613.0,6.4,465700.0
PROP-10466,2499.0,3,2.5,1985,39,Suburban North,1.0,7580.0,17.9,488300.0
PROP-10467,2592.0,3,1.5,1972,52,West Hills,2.0,3186.0,5.6,553300.0
PROP-10468,1755.0,5,2.5,1966,58,Downtown,0.0,7556.0,14.3,408700.0
PROP-10469,1726.0,3,2.0,1974,50,Suburban North,2.0,11734.0,7.1,426300.0
PROP-10470,1921.0,4,1.5,2003,21,West Hills,3.0,7879.0,23.9,485200.0
PROP-10471,604.0,3,2.0,1986,38,Downtown,2.0,6768.0,1.7,324900.0
PROP-10472,1115.0,3,3.0,1985,39,Lakeside,1.0,5955.0,5.8,392400.0
PROP-10473,2988.0,2,2.0,1992,32,Downtown,2.0,9746.0,6.8,648500.0
PROP-10474,3169.0,3,2.5,1974,50,West Hills,1.0,5435.0,10.9,657000.0
PROP-10475,1938.0,3,1.5,1995,29,Suburban North,1.0,12116.0,6.6,464800.0
PROP-10476,2475.0,3,2.5,2004,20,West Hills,2.0,12333.0,12.8,569600.0
PROP-10477,2302.0,1,1.5,2014,10,Downtown,2.0,8142.0,21.9,509600.0
PROP-10478,4101.0,2,2.5,2023,1,Downtown,1.0,7471.0,18.1,815400.0
PROP-10479,2828.0,3,2.0,1986,38,Metro East,3.0,10077.0,14.9,537100.0
PROP-10480,2017.0,5,3.5,2016,8,Suburban North,2.0,10237.0,3.1,538700.0
PROP-10481,1479.0,3,2.0,1964,60,Lakeside,1.0,5485.0,17.7,422700.0
PROP-10482,1056.0,3,1.0,2020,4,Metro East,2.0,6184.0,5.0,327000.0
PROP-10483,2232.0,2,1.0,1961,63,Downtown,2.0,4194.0,19.9,471500.0
PROP-10484,1608.0,3,3.0,2014,10,Suburban North,2.0,8523.0,7.0,413700.0
PROP-10485,1176.0,3,2.0,2017,7,West Hills,2.0,9167.0,11.0,379800.0
PROP-10486,1680.0,2,2.5,1992,32,Metro East,2.0,4125.0,9.4,375200.0
PROP-10487,1397.0,3,1.5,1975,49,Metro East,1.0,6362.0,21.6,299900.0
PROP-10488,3197.0,1,2.0,1982,42,Suburban North,2.0,4132.0,4.0,593000.0
PROP-10489,2673.0,1,1.0,1997,27,Lakeside,2.0,5253.0,14.6,552100.0
PROP-10490,2095.0,2,3.5,2014,10,Downtown,1.0,8878.0,4.4,505800.0
PROP-10491,3062.0,1,2.5,1975,49,Metro East,2.0,5666.0,17.9,571200.0
PROP-10492,2150.0,2,3.5,1973,51,Metro East,3.0,6748.0,22.7,446600.0
PROP-10493,1540.0,3,2.0,1988,36,Downtown,3.0,3432.0,11.4,444800.0
PROP-10494,3090.0,4,2.5,1985,39,Suburban North,1.0,7967.0,12.7,614400.0
PROP-10495,2450.0,3,2.5,1994,30,Downtown,1.0,7389.0,23.3,521000.0
PROP-10496,1426.0,3,2.0,1974,50,Suburban North,2.0,5678.0,13.5,332600.0
PROP-10497,1976.0,3,3.0,1962,62,Lakeside,1.0,7027.0,12.7,480200.0
PROP-10498,1531.0,5,3.5,1982,42,Suburban North,3.0,7951.0,14.9,429900.0
PROP-10499,1201.0,3,3.0,1988,36,Downtown,1.0,5463.0,17.5,378900.0
PROP-10500,2702.0,2,2.5,1993,31,Suburban North,1.0,3809.0,3.6,535400.0
PROP-10501,3341.0,3,2.0,1992,32,Metro East,1.0,12014.0,20.7,635700.0
PROP-10502,1191.0,2,2.0,2000,24,West Hills,1.0,5917.0,11.5,358000.0
PROP-10503,2466.0,3,3.5,2000,24,Suburban North,2.0,7258.0,2.7,585900.0
PROP-10504,1677.0,3,1.0,1982,42,Downtown,2.0,10027.0,19.9,415400.0
PROP-10505,1783.0,4,2.5,1966,58,Metro East,1.0,16323.0,10.0,434700.0
PROP-10506,1715.0,3,2.5,1962,62,Lakeside,1.0,4389.0,3.4,461100.0
PROP-10507,1538.0,4,2.5,2017,7,Suburban North,2.0,8625.0,16.2,419100.0
PROP-10508,2132.0,6,4.0,1991,33,Downtown,1.0,5731.0,22.1,559800.0
PROP-10509,1560.0,2,2.0,1990,34,Downtown,2.0,6153.0,22.3,415000.0
PROP-10510,2276.0,3,2.0,1977,47,Downtown,2.0,5699.0,24.0,518100.0
PROP-10511,2067.0,3,1.0,2002,22,West Hills,2.0,4686.0,21.8,448700.0
PROP-10512,1945.0,3,2.0,1966,58,Metro East,3.0,7397.0,1.1,435100.0
PROP-10513,1510.0,3,2.0,2000,24,Suburban North,3.0,3814.0,10.1,414800.0
PROP-10514,1725.0,5,2.0,1960,64,Lakeside,,9867.0,20.6,499700.0
PROP-10515,2591.0,4,3.0,2020,4,Suburban North,1.0,7638.0,9.8,571500.0
PROP-10516,2426.0,3,3.5,1973,51,West Hills,1.0,8556.0,15.4,508100.0
PROP-10517,1465.0,3,1.5,2011,13,West Hills,1.0,6335.0,15.6,379300.0
PROP-10518,2165.0,4,2.0,1991,33,Downtown,2.0,6582.0,9.8,550000.0
PROP-10519,2588.0,5,3.5,1965,59,Suburban North,3.0,8219.0,22.7,603900.0
PROP-10520,1015.0,4,1.0,1998,26,West Hills,2.0,4590.0,13.1,308600.0
PROP-10521,2453.0,1,1.0,1969,55,Downtown,1.0,6605.0,12.2,483700.0
PROP-10522,1669.0,3,1.5,1966,58,Suburban North,3.0,5351.0,24.9,363400.0
PROP-10523,2471.0,2,2.0,1985,39,Suburban North,1.0,5274.0,12.8,511600.0
PROP-10524,1604.0,3,1.5,1993,31,Metro East,0.0,2225.0,5.3,344400.0
PROP-10525,927.0,2,3.5,1989,35,Suburban North,1.0,10848.0,13.3,282400.0
PROP-10526,1042.0,3,2.0,1995,29,Lakeside,0.0,5784.0,20.5,345800.0
PROP-10527,2131.0,3,2.0,1980,44,Suburban North,2.0,10408.0,19.6,448800.0
PROP-10528,2269.0,2,1.5,2021,3,Lakeside,1.0,10172.0,19.9,508400.0
PROP-10529,1512.0,3,2.0,2019,5,West Hills,2.0,4285.0,18.0,396200.0
PROP-10530,2515.0,3,2.5,1976,48,Lakeside,2.0,4779.0,7.1,630100.0
PROP-10531,1020.0,3,2.5,1992,32,Suburban North,2.0,13901.0,21.7,319100.0
PROP-10532,2057.0,2,2.5,1969,55,West Hills,2.0,11877.0,22.4,458400.0
PROP-10533,1313.0,3,2.0,2010,14,West Hills,1.0,7421.0,5.7,383900.0
PROP-10534,1676.0,4,3.0,2022,2,Suburban North,2.0,8143.0,4.1,478400.0
PROP-10535,2131.0,2,3.0,2006,18,Downtown,3.0,5923.0,24.4,529500.0
PROP-10536,1541.0,2,2.5,2001,23,Downtown,1.0,8581.0,21.8,409800.0
PROP-10537,1850.0,3,1.0,2010,14,Downtown,2.0,5707.0,22.4,453200.0
PROP-10538,2754.0,5,1.0,2023,1,Lakeside,1.0,2419.0,22.3,632600.0
PROP-10539,1725.0,3,1.5,1971,53,Downtown,0.0,4196.0,14.0,400400.0
PROP-10540,2643.0,3,2.5,2015,9,Downtown,2.0,7553.0,16.5,591600.0
PROP-10541,1366.0,3,2.0,1975,49,West Hills,2.0,4672.0,14.1,358900.0
PROP-10542,2444.0,3,2.0,2000,24,Suburban North,1.0,7332.0,2.2,491500.0
PROP-10543,3037.0,1,3.0,1991,33,Suburban North,2.0,4813.0,18.9,618700.0
PROP-10544,600.0,3,3.0,1974,50,Downtown,2.0,5544.0,13.1,314600.0
PROP-10545,1582.0,5,3.0,2021,3,Metro East,3.0,9633.0,16.5,430900.0
PROP-10546,2475.0,3,2.0,1986,38,Lakeside,1.0,8119.0,13.1,563800.0
PROP-10547,1968.0,4,2.5,1987,37,Lakeside,3.0,7476.0,12.8,535800.0
PROP-10548,2341.0,4,2.0,1976,48,Suburban North,1.0,9697.0,5.1,534500.0
PROP-10549,1707.0,2,1.5,2023,1,Lakeside,2.0,8702.0,7.7,459900.0
PROP-10550,2156.0,5,1.5,2005,19,Downtown,0.0,11116.0,4.8,536500.0
PROP-10551,1999.0,2,2.0,2018,6,Downtown,0.0,6350.0,5.7,482400.0
PROP-10552,2859.0,3,2.0,2009,15,Downtown,2.0,6426.0,24.4,627000.0
PROP-10553,2265.0,2,3.0,2017,7,West Hills,1.0,4247.0,4.7,532600.0
PROP-10554,2319.0,1,1.5,1961,63,Suburban North,1.0,6428.0,7.5,407400.0
PROP-10555,1832.0,3,2.5,2022,2,Suburban North,1.0,9912.0,15.2,436900.0
PROP-10556,1783.0,3,2.0,1995,29,Downtown,2.0,10750.0,15.6,450500.0
PROP-10557,1819.0,3,2.0,2009,15,Suburban North,0.0,9901.0,4.7,427400.0
PROP-10558,2356.0,3,2.0,1966,58,West Hills,2.0,3015.0,20.0,520900.0
PROP-10559,1826.0,1,2.0,1972,52,Suburban North,0.0,10208.0,19.8,319800.0
PROP-10560,2288.0,2,2.0,1974,50,West Hills,1.0,2904.0,6.7,472300.0
PROP-10561,3449.0,3,2.0,1984,40,Downtown,1.0,9745.0,7.9,690100.0
PROP-10562,2666.0,3,1.5,1982,42,Lakeside,2.0,6581.0,23.5,572500.0
PROP-10563,1888.0,4,1.5,2019,5,West Hills,1.0,9256.0,20.8,469500.0
PROP-10564,2881.0,3,2.0,1981,43,Downtown,1.0,4169.0,17.7,588300.0
PROP-10565,1835.0,4,3.0,2023,1,Downtown,3.0,10428.0,3.0,569000.0
PROP-10566,775.0,3,2.0,2022,2,West Hills,2.0,3838.0,11.0,308100.0
PROP-10567,1445.0,3,2.5,1985,39,Lakeside,0.0,5829.0,14.4,411900.0
PROP-10568,884.0,3,2.5,1992,32,Suburban North,1.0,5005.0,5.5,310000.0
PROP-10569,1872.0,3,3.5,1970,54,Suburban North,2.0,3114.0,11.8,431200.0
PROP-10570,2112.0,3,3.0,1969,55,Lakeside,1.0,7736.0,15.4,532600.0
PROP-10571,3190.0,4,2.0,1984,40,West Hills,0.0,12015.0,8.9,641900.0
PROP-10572,2313.0,3,2.5,1996,28,Suburban North,2.0,14167.0,19.7,525000.0
PROP-10573,1958.0,4,3.0,2007,17,Suburban North,2.0,7743.0,21.2,469400.0
PROP-10574,2639.0,4,2.0,2002,22,Downtown,2.0,10292.0,8.8,627700.0
PROP-10575,663.0,4,2.0,2012,12,West Hills,0.0,8080.0,21.1,265300.0
PROP-10576,2253.0,5,1.0,1997,27,Suburban North,1.0,8747.0,3.5,502100.0
PROP-10577,2601.0,3,3.0,2000,24,Metro East,2.0,6645.0,21.1,532700.0
PROP-10578,1139.0,3,3.0,2004,20,Suburban North,1.0,7988.0,4.7,364400.0
PROP-10579,2843.0,3,1.5,1983,41,Suburban North,2.0,8844.0,3.0,557800.0
PROP-10580,2320.0,3,2.0,1999,25,West Hills,2.0,6054.0,16.4,547200.0
PROP-10581,1830.0,3,2.0,2005,19,Metro East,1.0,7306.0,12.3,369700.0
PROP-10582,2511.0,4,1.5,2015,9,Lakeside,3.0,7354.0,22.8,595700.0
PROP-10583,3576.0,3,4.0,1992,32,Suburban North,2.0,9566.0,9.7,724500.0
PROP-10584,2218.0,3,1.5,1976,48,West Hills,2.0,4835.0,7.9,503900.0
PROP-10585,2261.0,2,1.0,1983,41,West Hills,0.0,7371.0,13.0,478000.0
PROP-10586,1801.0,3,2.0,1996,28,Suburban North,1.0,12280.0,11.9,386300.0
PROP-10587,1548.0,2,2.5,2016,8,Downtown,2.0,10410.0,9.3,445900.0
PROP-10588,2640.0,4,1.0,1961,63,Suburban North,1.0,10873.0,17.6,462900.0
PROP-10589,1544.0,3,2.5,1991,33,Downtown,3.0,7561.0,19.2,445000.0
PROP-10590,2147.0,2,2.0,2016,8,Metro East,1.0,8302.0,21.5,433300.0
PROP-10591,1790.0,1,1.5,2019,5,Suburban North,2.0,10006.0,24.3,417700.0
PROP-10592,2411.0,3,1.5,2021,3,Metro East,1.0,11401.0,7.4,504700.0
PROP-10593,2317.0,3,2.0,1983,41,Suburban North,2.0,2621.0,18.2,497000.0
PROP-10594,2774.0,3,2.0,1968,56,West Hills,1.0,4211.0,10.5,571000.0
PROP-10595,1768.0,2,3.5,1963,61,Suburban North,1.0,10774.0,17.2,388800.0
PROP-10596,1925.0,3,3.0,1976,48,Downtown,1.0,,12.4,454900.0
PROP-10597,1464.0,3,4.0,1976,48,Suburban North,2.0,5821.0,24.9,382700.0
PROP-10598,1811.0,3,2.0,2012,12,Downtown,0.0,4365.0,18.5,413400.0
PROP-10599,2345.0,3,3.5,2009,15,West Hills,3.0,6112.0,23.9,583400.0
PROP-10600,2592.0,3,2.0,2007,17,Suburban North,2.0,3994.0,21.0,527400.0
PROP-10601,1501.0,2,2.0,1989,35,Lakeside,1.0,12728.0,22.7,426800.0
PROP-10602,2665.0,6,1.0,1999,25,Downtown,2.0,7444.0,20.5,596600.0
PROP-10603,2981.0,3,1.0,2017,7,Downtown,0.0,7355.0,12.0,615300.0
PROP-10604,2369.0,3,2.5,1970,54,Suburban North,3.0,8970.0,7.0,532800.0
PROP-10605,3320.0,2,2.0,1980,44,Metro East,2.0,9906.0,9.9,612100.0
PROP-10606,1597.0,3,1.5,1980,44,West Hills,1.0,9865.0,1.5,403800.0
PROP-10607,1291.0,1,2.5,1977,47,Suburban North,1.0,10184.0,13.6,319000.0
PROP-10608,944.0,3,2.0,2014,10,Suburban North,0.0,5923.0,13.1,265700.0
PROP-10609,3072.0,5,2.0,1988,36,Downtown,3.0,6755.0,13.6,667400.0
PROP-10610,2525.0,3,2.0,1983,41,Metro East,0.0,9423.0,24.4,477700.0
PROP-10611,2064.0,1,3.0,1969,55,West Hills,2.0,6182.0,22.9,459300.0
PROP-10612,2282.0,1,3.0,2004,20,Suburban North,1.0,7487.0,4.9,495700.0
PROP-10613,1368.0,3,2.0,1976,48,West Hills,3.0,8497.0,9.9,428000.0
PROP-10614,3690.0,2,2.0,1977,47,Downtown,1.0,9463.0,11.2,706900.0
PROP-10615,2184.0,1,2.0,2001,23,Metro East,,3056.0,9.7,465200.0
PROP-10616,2171.0,4,3.0,2007,17,Downtown,2.0,9287.0,20.2,555700.0
PROP-10617,2572.0,3,2.0,1979,45,West Hills,2.0,6916.0,13.6,532600.0
PROP-10618,2413.0,3,1.5,1996,28,Downtown,0.0,9269.0,14.7,554100.0
PROP-10619,2246.0,5,1.0,2004,20,West Hills,1.0,9442.0,21.5,518600.0
PROP-10620,1586.0,2,2.0,1977,47,Lakeside,1.0,11520.0,20.3,410500.0
PROP-10621,2406.0,5,2.0,1976,48,West Hills,2.0,10884.0,4.2,584800.0
PROP-10622,3323.0,3,3.0,1968,56,West Hills,1.0,10866.0,18.1,645100.0
PROP-10623,2975.0,4,1.5,1973,51,Lakeside,2.0,11109.0,11.5,672800.0
PROP-10624,3136.0,3,2.0,2008,16,Downtown,1.0,8228.0,8.1,625100.0
PROP-10625,1768.0,4,3.0,1988,36,Suburban North,2.0,,2.2,448700.0
PROP-10626,1457.0,6,3.0,1990,34,Downtown,3.0,9682.0,12.7,509600.0
PROP-10627,2018.0,3,2.0,1963,61,Metro East,2.0,9330.0,9.5,421100.0
PROP-10628,2136.0,5,2.0,1977,47,Suburban North,1.0,6727.0,7.0,486900.0
PROP-10629,2811.0,3,2.0,2018,6,West Hills,1.0,8512.0,17.7,566300.0
PROP-10630,1000.0,3,3.5,1979,45,West Hills,0.0,7412.0,19.5,343300.0
PROP-10631,3094.0,3,1.5,2015,9,Downtown,1.0,5365.0,6.9,677700.0
PROP-10632,1997.0,3,3.5,2015,9,Downtown,2.0,10726.0,2.2,559500.0
PROP-10633,1823.0,2,2.5,2006,18,Suburban North,2.0,7638.0,21.4,411000.0
PROP-10634,1442.0,3,2.0,2002,22,Suburban North,3.0,12622.0,1.2,439800.0
PROP-10635,1024.0,3,1.0,2003,21,Downtown,1.0,3436.0,23.5,342800.0
PROP-10636,2635.0,4,2.0,1968,56,Downtown,2.0,6108.0,16.1,597200.0
PROP-10637,2148.0,4,2.0,1972,52,Lakeside,2.0,7582.0,8.7,586200.0
PROP-10638,1262.0,3,1.5,1974,50,Metro East,2.0,10343.0,6.9,303400.0
PROP-10639,1258.0,3,2.5,1986,38,Suburban North,1.0,8499.0,1.2,343500.0
PROP-10640,1882.0,3,4.0,1974,50,Suburban North,2.0,8276.0,6.7,451400.0
PROP-10641,3185.0,2,2.0,1987,37,Downtown,2.0,4682.0,4.3,674600.0
PROP-10642,1931.0,2,2.5,1996,28,West Hills,2.0,4608.0,15.7,462200.0
PROP-10643,1123.0,3,1.0,2014,10,Lakeside,3.0,8306.0,5.0,415100.0
PROP-10644,1940.0,3,2.0,1978,46,Downtown,1.0,4090.0,13.7,474700.0
PROP-10645,1923.0,5,1.5,1985,39,Downtown,0.0,6170.0,15.2,485200.0
PROP-10646,600.0,3,2.5,2011,13,Lakeside,2.0,8752.0,8.2,319300.0
PROP-10647,2065.0,3,3.5,1985,39,West Hills,2.0,5044.0,1.8,516600.0
PROP-10648,1950.0,3,2.5,1984,40,Downtown,1.0,11513.0,1.9,519400.0
PROP-10649,2553.0,2,1.0,1985,39,West Hills,2.0,10560.0,1.6,539200.0
PROP-10650,3302.0,3,2.0,1985,39,Suburban North,3.0,3571.0,18.7,623200.0
PROP-10651,2832.0,3,2.0,2005,19,Suburban North,3.0,5169.0,8.6,620800.0
PROP-10652,1925.0,3,2.0,1987,37,Lakeside,1.0,2000.0,20.1,446600.0
PROP-10653,1381.0,3,3.0,2008,16,Lakeside,2.0,5544.0,11.4,452000.0
PROP-10654,3773.0,6,3.0,1977,47,Suburban North,2.0,9416.0,11.9,766300.0
PROP-10655,2138.0,4,2.5,1991,33,Metro East,2.0,6465.0,13.3,462000.0
PROP-10656,2109.0,3,2.0,2012,12,Suburban North,2.0,8652.0,18.1,488400.0
PROP-10657,2084.0,3,2.0,1962,62,Lakeside,2.0,3694.0,7.6,505900.0
PROP-10658,2229.0,3,1.5,1961,63,Suburban North,2.0,9495.0,3.9,501500.0
PROP-10659,2006.0,2,2.0,1992,32,Lakeside,1.0,6112.0,14.3,485400.0
PROP-10660,1727.0,3,2.0,2001,23,Metro East,2.0,7530.0,8.8,419200.0
PROP-10661,1745.0,1,2.5,1978,46,Downtown,2.0,7268.0,11.6,451900.0
PROP-10662,2079.0,3,2.5,1976,48,Metro East,1.0,4321.0,16.5,406900.0
PROP-10663,1747.0,3,1.0,2003,21,Lakeside,3.0,4617.0,12.9,445500.0
PROP-10664,1637.0,2,2.0,1992,32,Lakeside,2.0,9919.0,15.9,457300.0
PROP-10665,2169.0,5,1.5,1971,53,Downtown,2.0,8497.0,14.1,525700.0
PROP-10666,1934.0,5,1.5,2008,16,Lakeside,0.0,10125.0,18.8,507800.0
PROP-10667,3078.0,4,3.0,2015,9,Lakeside,2.0,8312.0,17.9,708100.0
PROP-10668,600.0,3,1.0,2022,2,Suburban North,1.0,7857.0,13.8,228000.0
PROP-10669,2809.0,4,2.0,1962,62,Metro East,0.0,3185.0,17.3,536800.0
PROP-10670,2910.0,2,1.5,2002,22,Downtown,2.0,6824.0,22.0,571700.0
PROP-10671,752.0,4,3.0,2008,16,Downtown,1.0,7432.0,11.4,359200.0
PROP-10672,1877.0,2,2.0,2014,10,Suburban North,2.0,12383.0,10.9,436600.0
PROP-10673,1859.0,4,1.5,1985,39,West Hills,0.0,9217.0,19.3,411500.0
PROP-10674,1185.0,3,2.0,1994,30,West Hills,1.0,11340.0,15.0,341700.0
PROP-10675,1594.0,4,2.5,1967,57,Downtown,1.0,8994.0,2.7,435600.0
PROP-10676,1378.0,5,3.5,2011,13,Metro East,3.0,,22.4,413700.0
PROP-10677,3239.0,2,1.5,1995,29,Downtown,2.0,7793.0,1.7,704100.0
PROP-10678,2708.0,3,3.0,2012,12,Downtown,2.0,8091.0,19.0,630300.0
PROP-10679,2927.0,6,3.5,2013,11,Downtown,1.0,5152.0,19.2,683700.0
PROP-10680,2569.0,3,3.0,1966,58,West Hills,0.0,6539.0,23.9,493400.0
PROP-10681,1366.0,4,2.5,2005,19,Metro East,3.0,6986.0,2.3,414300.0
PROP-10682,1759.0,3,2.5,2005,19,West Hills,1.0,11514.0,15.3,485300.0
PROP-10683,2418.0,3,2.0,1995,29,Lakeside,1.0,2298.0,11.3,555800.0
PROP-10684,1306.0,3,2.5,1975,49,Downtown,2.0,10515.0,8.9,399900.0
PROP-10685,2563.0,2,2.0,1983,41,Suburban North,0.0,5158.0,3.2,491300.0
PROP-10686,1944.0,4,2.5,2020,4,Suburban North,2.0,4070.0,14.5,469300.0
PROP-10687,1856.0,3,2.0,2013,11,Suburban North,2.0,10450.0,12.5,401100.0
PROP-10688,2562.0,3,2.5,2021,3,Downtown,1.0,9330.0,3.5,619200.0
PROP-10689,2389.0,3,3.0,1960,64,West Hills,0.0,10636.0,15.7,485600.0
PROP-10690,1865.0,3,1.5,2008,16,Suburban North,1.0,9502.0,18.7,383300.0
PROP-10691,2854.0,4,3.0,1984,40,Lakeside,2.0,12650.0,19.4,675600.0
PROP-10692,1397.0,6,2.0,1969,55,Suburban North,2.0,,22.7,353200.0
PROP-10693,2500.0,3,3.0,2013,11,Downtown,1.0,7109.0,10.8,584800.0
PROP-10694,2486.0,4,2.0,1975,49,West Hills,0.0,8357.0,23.9,528000.0
PROP-10695,1899.0,4,2.0,1975,49,Downtown,2.0,10609.0,21.8,447600.0
PROP-10696,2312.0,3,3.0,2017,7,Lakeside,2.0,5552.0,8.1,576700.0
PROP-10697,1287.0,5,2.0,1967,57,West Hills,1.0,5870.0,4.8,386300.0
PROP-10698,2701.0,2,3.0,1988,36,Downtown,1.0,6728.0,11.4,610500.0
PROP-10699,1980.0,2,2.0,1998,26,Metro East,1.0,2239.0,10.6,376500.0
PROP-10700,1760.0,4,2.0,1987,37,Suburban North,2.0,7845.0,14.8,432300.0
PROP-10701,2782.0,3,2.0,1965,59,Downtown,3.0,2785.0,15.0,610300.0
PROP-10702,1642.0,4,2.0,1975,49,West Hills,1.0,7633.0,19.0,365100.0
PROP-10703,1185.0,4,2.0,1979,45,Suburban North,2.0,9663.0,13.2,355800.0
PROP-10704,1088.0,2,1.0,1975,49,Lakeside,1.0,6308.0,3.5,361000.0
PROP-10705,2494.0,4,2.0,1966,58,Lakeside,1.0,11693.0,21.6,554500.0
PROP-10706,1268.0,3,1.0,2000,24,Metro East,1.0,3849.0,8.4,325800.0
PROP-10707,3241.0,3,4.0,1973,51,Suburban North,2.0,10478.0,24.3,660600.0
PROP-10708,747.0,3,3.5,2002,22,Suburban North,2.0,9188.0,3.8,325600.0
PROP-10709,3203.0,5,2.0,1985,39,Lakeside,2.0,3210.0,24.0,680100.0
PROP-10710,2237.0,1,2.5,1985,39,Downtown,1.0,14277.0,3.2,505400.0
PROP-10711,2037.0,3,2.0,1973,51,Suburban North,1.0,7341.0,6.5,442100.0
PROP-10712,1746.0,3,2.5,1966,58,Suburban North,0.0,5306.0,2.1,405800.0
PROP-10713,2359.0,4,3.0,1992,32,Downtown,2.0,3982.0,17.9,562000.0
PROP-10714,2076.0,3,3.5,1985,39,Suburban North,1.0,6950.0,21.4,416400.0
PROP-10715,2817.0,2,2.0,2016,8,Lakeside,2.0,7181.0,11.4,665200.0
PROP-10716,2174.0,3,2.5,2004,20,Lakeside,1.0,7757.0,23.3,530500.0
PROP-10717,2198.0,3,2.0,1979,45,Downtown,1.0,6756.0,15.2,491900.0
PROP-10718,1864.0,4,4.0,2022,2,Downtown,2.0,9083.0,16.1,558300.0
PROP-10719,2063.0,3,1.0,1962,62,Suburban North,1.0,6531.0,21.3,421300.0
PROP-10720,2300.0,2,2.5,2011,13,Lakeside,1.0,2663.0,8.1,508200.0
PROP-10721,988.0,5,2.5,1963,61,Downtown,1.0,7127.0,9.5,365400.0
PROP-10722,1224.0,1,2.5,2020,4,West Hills,2.0,2000.0,22.7,318200.0
PROP-10723,2583.0,6,1.5,1985,39,Downtown,2.0,8384.0,22.6,599500.0
PROP-10724,2211.0,3,3.5,1970,54,West Hills,1.0,5052.0,24.4,485400.0
PROP-10725,1980.0,4,1.5,1961,63,Suburban North,,7908.0,22.6,428400.0
PROP-10726,2112.0,3,2.5,1973,51,Lakeside,1.0,10785.0,4.1,527200.0
PROP-10727,2326.0,1,1.5,2003,21,Downtown,1.0,5128.0,20.8,453100.0
PROP-10728,1749.0,4,2.0,1989,35,West Hills,0.0,10153.0,10.8,421500.0
PROP-10729,1594.0,4,2.0,2008,16,Downtown,2.0,6417.0,24.8,447100.0
PROP-10730,2227.0,4,2.0,1971,53,West Hills,1.0,11883.0,12.3,519900.0
PROP-10731,1464.0,2,1.5,1985,39,Lakeside,1.0,6587.0,14.3,375000.0
PROP-10732,2365.0,4,1.5,2003,21,Downtown,1.0,5399.0,13.7,561600.0
PROP-10733,993.0,4,2.0,1992,32,Lakeside,1.0,9218.0,8.7,367900.0
PROP-10734,2769.0,3,2.5,1972,52,West Hills,2.0,6411.0,2.8,609400.0
PROP-10735,2407.0,4,3.0,1973,51,Downtown,0.0,5396.0,22.5,516700.0
PROP-10736,2266.0,4,1.0,1983,41,Suburban North,1.0,6305.0,20.3,454200.0
PROP-10737,2739.0,3,2.0,2021,3,Downtown,,7388.0,4.3,655900.0
PROP-10738,3183.0,2,1.5,1993,31,West Hills,1.0,10855.0,19.6,584000.0
PROP-10739,2759.0,3,1.0,2003,21,Lakeside,2.0,2665.0,16.0,594100.0
PROP-10740,903.0,2,2.5,1985,39,Downtown,2.0,7558.0,10.8,338500.0
PROP-10741,1268.0,3,2.5,1980,44,Suburban North,1.0,9062.0,7.1,389100.0
PROP-10742,1694.0,3,1.5,1987,37,Lakeside,2.0,7984.0,21.6,431200.0
PROP-10743,2117.0,2,1.5,2007,17,Metro East,1.0,10775.0,17.8,455500.0
PROP-10744,2436.0,3,1.0,1995,29,Suburban North,2.0,7314.0,14.1,534300.0
PROP-10745,1628.0,2,3.0,1999,25,Metro East,1.0,7039.0,15.6,367400.0
PROP-10746,2221.0,4,4.0,1961,63,Suburban North,1.0,8981.0,3.2,512700.0
PROP-10747,1609.0,5,1.5,2001,23,Suburban North,2.0,7748.0,12.4,407400.0
PROP-10748,1703.0,2,1.5,1968,56,Lakeside,2.0,6524.0,5.6,449100.0
PROP-10749,1186.0,5,3.0,1982,42,Suburban North,3.0,8790.0,6.0,375600.0
PROP-10750,1500.0,3,3.5,1974,50,Suburban North,2.0,5869.0,16.9,385800.0
PROP-10751,1221.0,3,2.0,1972,52,Suburban North,1.0,5972.0,22.9,319600.0
PROP-10752,1466.0,2,1.0,1982,42,Lakeside,1.0,6180.0,10.7,380400.0
PROP-10753,2785.0,3,1.0,1976,48,Lakeside,1.0,10883.0,6.0,601100.0
PROP-10754,1483.0,4,2.0,2021,3,Suburban North,2.0,2000.0,16.6,366000.0
PROP-10755,3811.0,4,2.0,2007,17,Suburban North,1.0,8489.0,21.9,715000.0
PROP-10756,2421.0,2,1.0,2019,5,Suburban North,3.0,7586.0,19.0,510500.0
PROP-10757,2220.0,2,2.0,1961,63,West Hills,1.0,3298.0,21.9,442600.0
PROP-10758,1542.0,3,1.0,1979,45,Downtown,1.0,8274.0,13.9,385800.0
PROP-10759,2555.0,3,2.5,1979,45,Lakeside,1.0,8689.0,19.0,569700.0
PROP-10760,1726.0,2,2.0,2018,6,Suburban North,2.0,8974.0,4.4,444300.0
PROP-10761,2179.0,3,1.0,2005,19,Suburban North,2.0,2000.0,9.4,469100.0
PROP-10762,3764.0,4,2.0,1962,62,Downtown,2.0,10916.0,10.3,761700.0
PROP-10763,2038.0,5,2.0,2014,10,Downtown,1.0,5656.0,13.3,529200.0
PROP-10764,2847.0,3,4.0,1971,53,Metro East,2.0,9216.0,23.3,582200.0
PROP-10765,1643.0,5,2.0,1999,25,Suburban North,0.0,9353.0,22.0,399300.0
PROP-10766,2077.0,3,2.0,1961,63,Downtown,2.0,5308.0,4.2,506000.0
PROP-10767,3251.0,3,2.5,2023,1,Suburban North,2.0,9151.0,5.1,707400.0
PROP-10768,1692.0,2,2.0,1995,29,Suburban North,1.0,6536.0,9.6,395600.0
PROP-10769,3278.0,3,3.0,1973,51,Downtown,2.0,2322.0,8.0,715500.0
PROP-10770,2560.0,5,2.0,1975,49,Suburban North,2.0,10419.0,15.8,557800.0
PROP-10771,1734.0,3,2.0,1978,46,Suburban North,0.0,5562.0,22.7,322700.0
PROP-10772,2511.0,3,1.0,1993,31,West Hills,2.0,5364.0,24.1,536000.0
PROP-10773,2732.0,3,2.0,2003,21,Suburban North,1.0,6492.0,16.7,546200.0
PROP-10774,2504.0,2,3.0,2020,4,Suburban North,1.0,8181.0,21.1,520400.0
PROP-10775,1079.0,4,3.0,2005,19,Metro East,1.0,7357.0,13.6,327500.0
PROP-10776,1627.0,3,1.5,1965,59,Suburban North,1.0,8870.0,6.0,365700.0
PROP-10777,1939.0,3,1.5,1972,52,Suburban North,2.0,4151.0,13.6,421400.0
PROP-10778,2052.0,3,3.0,2023,1,Downtown,1.0,5644.0,14.3,513800.0
PROP-10779,2503.0,3,3.5,1995,29,Suburban North,2.0,7210.0,18.8,567300.0
PROP-10780,2216.0,2,1.0,1981,43,Lakeside,1.0,12245.0,6.3,512700.0
PROP-10781,1232.0,3,2.0,1977,47,Downtown,3.0,7215.0,9.8,390700.0
PROP-10782,2347.0,2,2.0,1971,53,West Hills,2.0,10213.0,9.7,495000.0
PROP-10783,2497.0,4,3.0,2011,13,Downtown,2.0,7596.0,24.0,598400.0
PROP-10784,2464.0,4,1.0,2018,6,Suburban North,1.0,6291.0,11.7,521200.0
PROP-10785,2803.0,4,1.5,2013,11,Lakeside,1.0,6883.0,19.1,632200.0
PROP-10786,2642.0,3,2.5,1989,35,Suburban North,1.0,7079.0,19.0,508600.0
PROP-10787,2398.0,3,1.0,2012,12,West Hills,2.0,9009.0,7.4,514100.0
PROP-10788,2054.0,2,2.0,2010,14,Downtown,2.0,10937.0,14.7,517700.0
PROP-10789,1020.0,4,2.0,1999,25,West Hills,0.0,8399.0,22.5,334000.0
PROP-10790,2379.0,3,2.0,1966,58,Downtown,0.0,10468.0,12.4,492500.0
PROP-10791,2235.0,3,2.0,1991,33,Lakeside,2.0,5088.0,23.7,558200.0
PROP-10792,2277.0,3,2.0,2007,17,Downtown,1.0,6463.0,6.1,549500.0
PROP-10793,1270.0,2,1.5,1978,46,Lakeside,,5689.0,2.8,397900.0
PROP-10794,1397.0,3,2.0,1965,59,Suburban North,2.0,8286.0,22.4,325200.0
PROP-10795,2785.0,2,3.0,1979,45,West Hills,2.0,6603.0,21.3,548200.0
PROP-10796,2074.0,4,2.5,1986,38,Suburban North,1.0,9324.0,24.8,465400.0
PROP-10797,2543.0,3,1.5,2012,12,Metro East,1.0,5172.0,17.3,476500.0
PROP-10798,2118.0,1,1.5,2002,22,Downtown,2.0,7608.0,23.5,455100.0
PROP-10799,2119.0,3,2.0,1996,28,Downtown,3.0,9217.0,20.8,539000.0
PROP-10800,2710.0,1,2.0,2007,17,Suburban North,1.0,2337.0,21.3,471000.0
PROP-10801,1765.0,3,2.0,1966,58,Downtown,1.0,12804.0,14.7,408200.0
PROP-10802,2162.0,4,2.5,2018,6,Downtown,2.0,6792.0,10.2,564100.0
PROP-10803,1800.0,2,1.0,1964,60,Metro East,3.0,2437.0,23.4,351100.0
PROP-10804,1818.0,4,1.0,1970,54,Metro East,2.0,7895.0,11.4,399200.0
PROP-10805,1899.0,1,2.0,1974,50,Suburban North,3.0,7584.0,13.9,410000.0
PROP-10806,2244.0,2,2.5,2023,1,Metro East,0.0,7295.0,11.7,503000.0
PROP-10807,1789.0,4,1.5,1962,62,Suburban North,1.0,9978.0,14.6,387700.0
PROP-10808,2916.0,3,2.5,2017,7,Suburban North,2.0,9369.0,12.3,610700.0
PROP-10809,1519.0,2,2.0,1964,60,West Hills,2.0,8245.0,2.2,383800.0
PROP-10810,1979.0,3,3.0,1982,42,West Hills,1.0,8625.0,22.2,458800.0
PROP-10811,1814.0,3,3.0,2012,12,Metro East,1.0,7239.0,11.7,435400.0
PROP-10812,3041.0,4,2.0,1996,28,Suburban North,2.0,11939.0,15.1,642600.0
PROP-10813,2228.0,3,1.5,1968,56,West Hills,0.0,3802.0,4.3,441200.0
PROP-10814,2771.0,4,2.0,1974,50,Downtown,1.0,7849.0,1.1,613300.0
PROP-10815,1134.0,4,1.5,1962,62,Downtown,2.0,7663.0,6.9,375900.0
PROP-10816,2274.0,3,2.5,1988,36,Downtown,2.0,9533.0,17.9,548600.0
PROP-10817,2678.0,5,3.0,1965,59,Metro East,2.0,5390.0,3.4,571900.0
PROP-10818,2153.0,3,2.5,1976,48,Lakeside,1.0,3141.0,22.8,511000.0
PROP-10819,2793.0,5,3.0,1985,39,Lakeside,2.0,7892.0,6.2,669900.0
PROP-10820,1764.0,2,2.0,1980,44,Suburban North,2.0,8203.0,5.9,440400.0
PROP-10821,3016.0,3,1.5,1967,57,Suburban North,2.0,11224.0,5.4,611400.0
PROP-10822,3594.0,3,2.5,1980,44,Downtown,2.0,4324.0,1.3,723700.0
PROP-10823,1864.0,3,2.0,2016,8,Suburban North,1.0,10387.0,19.5,406600.0
PROP-10824,1810.0,3,2.5,1970,54,Suburban North,0.0,13419.0,22.0,362500.0
PROP-10825,3045.0,4,2.0,1997,27,Lakeside,1.0,6556.0,15.7,676800.0
PROP-10826,3127.0,1,1.0,1967,57,Suburban North,1.0,4273.0,5.5,529000.0
PROP-10827,1760.0,2,4.0,2001,23,Downtown,2.0,6483.0,7.8,495000.0
PROP-10828,1827.0,4,1.5,1983,41,Downtown,2.0,7535.0,12.4,480200.0
PROP-10829,1917.0,3,4.0,2020,4,Downtown,2.0,8909.0,23.9,521300.0
PROP-10830,1226.0,5,4.0,1994,30,Suburban North,2.0,6022.0,6.9,417200.0
PROP-10831,1503.0,4,2.5,2014,10,Metro East,1.0,11388.0,18.6,357400.0
PROP-10832,1447.0,5,2.5,1973,51,West Hills,1.0,4714.0,11.5,414800.0
PROP-10833,1601.0,4,2.0,2014,10,Lakeside,1.0,3152.0,8.1,464800.0
PROP-10834,2077.0,3,3.0,1973,51,Suburban North,1.0,10267.0,11.9,454600.0
PROP-10835,2252.0,2,2.0,1969,55,Suburban North,0.0,2000.0,2.7,448600.0
PROP-10836,3108.0,4,2.0,1971,53,Downtown,2.0,6990.0,20.2,646100.0
PROP-10837,1451.0,3,2.5,1997,27,Lakeside,3.0,15294.0,6.8,486900.0
PROP-10838,2740.0,1,2.0,2003,21,Lakeside,1.0,7470.0,18.4,569500.0
PROP-10839,1961.0,3,2.0,2014,10,Downtown,0.0,4698.0,2.6,486900.0
PROP-10840,2068.0,5,2.0,2005,19,Suburban North,2.0,7357.0,23.9,476900.0
PROP-10841,2539.0,3,2.0,1993,31,Suburban North,1.0,7373.0,5.6,505500.0
PROP-10842,1370.0,3,3.0,2000,24,West Hills,2.0,7902.0,22.2,385700.0
PROP-10843,2349.0,3,1.5,1969,55,Metro East,2.0,9156.0,20.4,455600.0
PROP-10844,2208.0,2,3.5,2017,7,West Hills,3.0,4902.0,24.2,507900.0
PROP-10845,2420.0,3,2.5,1976,48,Suburban North,1.0,11719.0,12.5,524600.0
PROP-10846,2288.0,3,3.0,1976,48,Downtown,2.0,8113.0,18.5,561300.0
PROP-10847,3696.0,2,2.0,1962,62,Downtown,2.0,9317.0,9.9,697600.0
PROP-10848,1685.0,4,2.5,2021,3,Downtown,2.0,5930.0,5.4,529200.0
PROP-10849,1755.0,3,1.0,1990,34,Downtown,,10716.0,11.6,432300.0
PROP-10850,1695.0,4,3.0,2010,14,West Hills,1.0,6857.0,5.0,482400.0
PROP-10851,1739.0,4,1.0,1960,64,West Hills,2.0,8194.0,24.6,385200.0
PROP-10852,1686.0,2,3.0,1971,53,Downtown,2.0,5167.0,3.3,475900.0
PROP-10853,2873.0,3,4.0,1998,26,Lakeside,2.0,5008.0,15.1,685300.0
PROP-10854,3023.0,3,2.0,1963,61,Downtown,2.0,9221.0,16.0,609800.0
PROP-10855,1729.0,4,1.5,2001,23,Suburban North,2.0,6391.0,13.9,399400.0
PROP-10856,1559.0,2,2.5,1972,52,Downtown,1.0,5365.0,16.9,367000.0
PROP-10857,2406.0,3,2.0,1993,31,Suburban North,2.0,5892.0,3.8,530800.0
PROP-10858,1741.0,3,3.0,2001,23,Suburban North,2.0,9247.0,14.3,449700.0
PROP-10859,2511.0,3,1.5,1980,44,Suburban North,2.0,5927.0,7.9,529600.0
PROP-10860,2232.0,2,1.5,1981,43,Suburban North,3.0,7206.0,23.6,451700.0
PROP-10861,1115.0,3,4.0,2016,8,Metro East,0.0,7538.0,19.3,294500.0
PROP-10862,3106.0,4,2.5,1963,61,Downtown,2.0,2707.0,24.3,623000.0
PROP-10863,3267.0,3,3.0,1977,47,Downtown,0.0,3822.0,1.9,696600.0
PROP-10864,1702.0,3,2.0,1964,60,Downtown,1.0,8341.0,7.8,423500.0
PROP-10865,1848.0,3,2.5,1978,46,West Hills,2.0,5657.0,5.7,469700.0
PROP-10866,2286.0,4,2.0,1961,63,Downtown,1.0,10142.0,1.3,522000.0
PROP-10867,2317.0,2,2.5,1971,53,Lakeside,2.0,,6.8,567200.0
PROP-10868,2528.0,4,2.5,1976,48,Suburban North,0.0,9298.0,17.3,497100.0
PROP-10869,3407.0,3,2.0,1969,55,Suburban North,1.0,12049.0,6.5,663400.0
PROP-10870,1985.0,3,2.0,1993,31,West Hills,2.0,7292.0,13.2,490100.0
PROP-10871,1581.0,2,2.0,1965,59,Downtown,2.0,9122.0,22.3,383800.0
PROP-10872,1203.0,2,2.5,1967,57,Downtown,3.0,6039.0,17.7,365500.0
PROP-10873,1625.0,3,1.5,2020,4,Suburban North,2.0,13631.0,10.5,410100.0
PROP-10874,2078.0,3,2.5,2010,14,West Hills,2.0,12459.0,9.9,496300.0
PROP-10875,3266.0,4,1.5,1970,54,Downtown,1.0,7530.0,11.9,642700.0
PROP-10876,1764.0,1,2.5,2022,2,Downtown,0.0,8466.0,5.2,456300.0
PROP-10877,2245.0,3,2.5,2016,8,Metro East,1.0,10898.0,16.2,482600.0
PROP-10878,2089.0,3,1.5,2022,2,Downtown,2.0,7132.0,9.7,529900.0
PROP-10879,2872.0,1,1.0,1971,53,Lakeside,2.0,5858.0,21.5,565400.0
PROP-10880,3743.0,2,1.5,1968,56,Lakeside,1.0,9685.0,19.2,727200.0
PROP-10881,1755.0,3,2.5,1961,63,Suburban North,2.0,7696.0,15.7,403100.0
PROP-10882,1782.0,3,3.0,1967,57,Downtown,2.0,7957.0,9.7,487600.0
PROP-10883,2779.0,3,1.0,2017,7,Downtown,0.0,5414.0,6.0,557700.0
PROP-10884,2543.0,3,2.5,1970,54,West Hills,1.0,3206.0,19.6,449100.0
PROP-10885,3300.0,3,2.0,2019,5,West Hills,2.0,8090.0,12.7,690700.0
PROP-10886,2480.0,1,2.0,2012,12,Lakeside,2.0,9762.0,6.4,564800.0
PROP-10887,1866.0,3,3.5,1995,29,Metro East,2.0,6935.0,5.7,451500.0
PROP-10888,2484.0,5,2.0,1969,55,West Hills,1.0,11091.0,5.0,556800.0
PROP-10889,2821.0,3,2.0,1980,44,Downtown,3.0,5740.0,19.7,638900.0
PROP-10890,2633.0,3,1.0,1979,45,Downtown,1.0,4863.0,6.5,564400.0
PROP-10891,2430.0,3,1.0,2007,17,Lakeside,0.0,7332.0,13.6,544100.0
PROP-10892,2793.0,4,2.0,1967,57,Downtown,3.0,7294.0,11.8,641500.0
PROP-10893,2860.0,4,1.0,1995,29,Downtown,1.0,9425.0,14.9,610000.0
PROP-10894,2998.0,3,2.5,1988,36,West Hills,2.0,5563.0,22.1,602500.0
PROP-10895,2522.0,5,2.0,2001,23,Suburban North,1.0,10920.0,21.8,552400.0
PROP-10896,1991.0,2,2.0,1971,53,Metro East,2.0,12417.0,11.8,393900.0
PROP-10897,2195.0,1,1.5,2020,4,West Hills,3.0,7402.0,1.4,532400.0
PROP-10898,2884.0,4,2.0,1973,51,Downtown,1.0,10624.0,11.2,590800.0
PROP-10899,1569.0,4,2.5,2007,17,Metro East,2.0,,15.5,398100.0
PROP-10900,2340.0,2,3.5,2013,11,Suburban North,1.0,10188.0,14.4,519900.0
PROP-10901,1844.0,3,1.0,2009,15,Suburban North,2.0,10118.0,16.6,450600.0
PROP-10902,2119.0,1,3.0,1980,44,Suburban North,1.0,9659.0,4.7,430100.0
PROP-10903,2931.0,3,2.0,1981,43,Downtown,1.0,7461.0,16.5,594000.0
PROP-10904,2224.0,4,2.0,1980,44,Suburban North,1.0,2000.0,5.4,497400.0
PROP-10905,2130.0,3,2.0,2003,21,Downtown,1.0,5896.0,19.0,502600.0
PROP-10906,1216.0,3,1.0,2009,15,Suburban North,3.0,5935.0,9.1,356100.0
PROP-10907,2585.0,3,1.0,1989,35,Suburban North,1.0,5054.0,18.0,474000.0
PROP-10908,2520.0,1,2.5,1998,26,Lakeside,1.0,7806.0,2.1,576000.0
PROP-10909,3506.0,3,2.0,1979,45,Lakeside,1.0,6453.0,10.8,738300.0
PROP-10910,1900.0,3,3.0,1983,41,Downtown,1.0,5438.0,17.9,468700.0
PROP-10911,2242.0,5,2.0,1982,42,Suburban North,2.0,4853.0,6.4,522400.0
PROP-10912,2262.0,4,1.5,1966,58,Suburban North,3.0,5711.0,20.1,475900.0
PROP-10913,3125.0,1,2.5,1968,56,Downtown,1.0,10304.0,16.1,591300.0
PROP-10914,2038.0,4,2.0,1960,64,Lakeside,,5847.0,15.1,526600.0
PROP-10915,2281.0,4,2.0,1985,39,West Hills,2.0,6213.0,9.5,540800.0
PROP-10916,2495.0,4,2.5,1997,27,Downtown,1.0,6358.0,12.6,620700.0
PROP-10917,2221.0,3,3.0,1997,27,Suburban North,2.0,8347.0,15.3,485200.0
PROP-10918,1810.0,3,2.5,2013,11,Downtown,2.0,8641.0,12.3,510800.0
PROP-10919,2226.0,3,2.5,2020,4,West Hills,,2000.0,17.8,499400.0
PROP-10920,2798.0,2,2.5,2003,21,Downtown,2.0,10054.0,11.4,626400.0
PROP-10921,1433.0,2,3.5,1981,43,Metro East,1.0,11091.0,5.9,378100.0
PROP-10922,2186.0,2,2.0,2003,21,Lakeside,3.0,4875.0,6.1,526900.0
PROP-10923,1645.0,3,1.0,1969,55,Suburban North,2.0,5069.0,1.1,383700.0
PROP-10924,2877.0,4,2.0,2014,10,West Hills,2.0,6374.0,8.2,629400.0
PROP-10925,1110.0,3,1.5,2021,3,Metro East,2.0,5610.0,19.0,288400.0
PROP-10926,1737.0,2,2.5,2017,7,West Hills,1.0,8060.0,20.1,432700.0
PROP-10927,2345.0,5,2.5,1965,59,Downtown,3.0,2634.0,5.9,606900.0
PROP-10928,3118.0,5,2.0,1976,48,Suburban North,2.0,4705.0,24.0,604500.0
PROP-10929,2057.0,4,1.0,2010,14,Lakeside,0.0,11348.0,13.1,510900.0
PROP-10930,1739.0,6,2.5,2009,15,West Hills,1.0,5179.0,23.0,464300.0
PROP-10931,3323.0,3,2.0,1997,27,West Hills,2.0,10609.0,18.0,668100.0
PROP-10932,1159.0,5,2.5,1983,41,Lakeside,0.0,8388.0,18.3,366400.0
PROP-10933,671.0,2,2.0,2010,14,Lakeside,0.0,2977.0,3.0,327300.0
PROP-10934,2386.0,3,2.0,1969,55,Metro East,2.0,9088.0,6.3,493600.0
PROP-10935,1774.0,2,1.5,2015,9,Downtown,1.0,7206.0,1.2,472000.0
PROP-10936,1436.0,2,1.0,1967,57,Suburban North,1.0,6361.0,18.2,284500.0
PROP-10937,2560.0,2,3.0,1980,44,West Hills,1.0,8112.0,9.3,541300.0
PROP-10938,2258.0,3,3.0,2015,9,Lakeside,1.0,8687.0,19.9,559500.0
PROP-10939,1733.0,4,2.5,1965,59,West Hills,2.0,9269.0,9.1,425100.0
PROP-10940,1268.0,3,1.5,1980,44,Downtown,2.0,10446.0,20.7,334700.0
PROP-10941,2667.0,2,2.0,2016,8,Lakeside,1.0,8520.0,4.1,609500.0
PROP-10942,2523.0,4,2.5,2021,3,West Hills,1.0,4061.0,5.2,598800.0
PROP-10943,2036.0,3,2.5,1998,26,Downtown,,6316.0,9.2,510100.0
PROP-10944,3300.0,3,1.5,1983,41,Suburban North,0.0,14858.0,10.8,591400.0
PROP-10945,1404.0,3,1.0,1992,32,Downtown,1.0,9311.0,9.4,372900.0
PROP-10946,1108.0,3,2.5,2018,6,Suburban North,0.0,13423.0,19.3,307400.0
PROP-10947,1650.0,3,2.0,1977,47,Downtown,2.0,,3.3,453100.0
PROP-10948,2070.0,5,2.0,2015,9,Suburban North,2.0,8105.0,9.4,549600.0
PROP-10949,2258.0,3,1.0,1987,37,Suburban North,2.0,8254.0,21.1,474800.0
PROP-10950,1943.0,3,2.0,2016,8,West Hills,2.0,7409.0,2.6,522700.0
PROP-10951,2329.0,4,3.0,2011,13,West Hills,2.0,3155.0,23.6,565600.0
PROP-10952,1286.0,4,3.5,1991,33,Lakeside,2.0,7545.0,24.7,414600.0
PROP-10953,3038.0,2,2.0,1971,53,Downtown,2.0,10527.0,3.1,622100.0
PROP-10954,2047.0,2,2.0,2007,17,Downtown,0.0,6001.0,8.0,459600.0
PROP-10955,2826.0,1,1.0,2001,23,Lakeside,2.0,8530.0,9.9,631800.0
PROP-10956,2323.0,3,2.0,1986,38,Downtown,2.0,9629.0,19.6,522100.0
PROP-10957,2397.0,3,2.0,1969,55,Metro East,2.0,5226.0,15.3,446500.0
PROP-10958,2470.0,2,2.5,2005,19,Lakeside,1.0,6372.0,16.5,561000.0
PROP-10959,2391.0,5,2.0,2016,8,Suburban North,1.0,4955.0,19.2,517100.0
PROP-10960,2518.0,3,1.5,2011,13,Metro East,2.0,5445.0,3.8,530700.0
PROP-10961,2964.0,2,1.0,2001,23,Downtown,2.0,4281.0,21.0,599700.0
PROP-10962,2228.0,3,2.0,1991,33,Suburban North,2.0,5249.0,17.9,459300.0
PROP-10963,2561.0,3,1.0,2001,23,West Hills,1.0,11049.0,14.9,545700.0
PROP-10964,2042.0,2,1.5,1985,39,Suburban North,2.0,5211.0,22.4,402200.0
PROP-10965,3036.0,3,4.0,1984,40,Metro East,2.0,,17.8,603200.0
PROP-10966,1660.0,4,2.0,1970,54,Downtown,2.0,6243.0,5.8,471000.0
PROP-10967,3271.0,3,2.0,1982,42,Suburban North,2.0,10447.0,11.3,626100.0
PROP-10968,2074.0,3,3.0,1993,31,West Hills,2.0,10778.0,12.9,501500.0
PROP-10969,1170.0,3,4.0,2016,8,West Hills,2.0,9660.0,2.3,442100.0
PROP-10970,2183.0,1,2.0,2011,13,Suburban North,2.0,8265.0,23.9,433000.0
PROP-10971,1657.0,2,3.0,1999,25,Suburban North,3.0,6922.0,4.1,437000.0
PROP-10972,2646.0,3,2.0,2021,3,Lakeside,0.0,4520.0,17.7,598800.0
PROP-10973,1676.0,2,2.0,1982,42,Downtown,0.0,12359.0,13.1,444900.0
PROP-10974,1810.0,1,2.0,1988,36,Lakeside,3.0,5601.0,1.6,507300.0
PROP-10975,872.0,4,2.5,1990,34,West Hills,2.0,9159.0,23.2,327100.0
PROP-10976,1806.0,6,2.5,2023,1,Lakeside,2.0,10149.0,21.4,554400.0
PROP-10977,600.0,4,2.0,1966,58,West Hills,2.0,6112.0,13.6,248800.0
PROP-10978,1070.0,4,1.5,1999,25,Downtown,0.0,10095.0,6.5,358400.0
PROP-10979,2594.0,2,2.5,1992,32,West Hills,2.0,9411.0,3.9,579100.0
PROP-10980,2611.0,5,1.5,1980,44,Lakeside,2.0,11820.0,9.7,632000.0
PROP-10981,2377.0,2,2.0,1961,63,Suburban North,1.0,6327.0,7.1,471600.0
PROP-10982,1471.0,5,2.5,1977,47,Metro East,1.0,4285.0,13.2,368500.0
PROP-10983,2069.0,6,2.5,2006,18,Suburban North,2.0,6236.0,24.2,491600.0
PROP-10984,2098.0,4,2.5,1992,32,Downtown,0.0,8022.0,14.8,502500.0
PROP-10985,1347.0,6,3.0,1996,28,Suburban North,2.0,7646.0,22.4,377900.0
PROP-10986,3077.0,3,2.0,1993,31,Metro East,1.0,6516.0,16.6,561700.0
PROP-10987,2670.0,3,2.5,1979,45,Suburban North,2.0,2727.0,12.4,571400.0
PROP-10988,1956.0,3,2.5,1994,30,Lakeside,3.0,8676.0,21.5,529100.0
PROP-10989,2117.0,3,1.5,2010,14,Lakeside,2.0,12431.0,12.3,544800.0
PROP-10990,2235.0,2,1.0,2009,15,Suburban North,1.0,8661.0,21.8,472600.0
PROP-10991,773.0,3,2.0,2020,4,Downtown,2.0,9023.0,8.0,324900.0
PROP-10992,1939.0,6,2.0,2013,11,West Hills,1.0,,4.1,503400.0
PROP-10993,1657.0,2,2.5,1977,47,Suburban North,1.0,8493.0,21.5,392000.0
PROP-10994,1449.0,4,3.0,2005,19,Lakeside,3.0,9829.0,15.1,492200.0
PROP-10995,1917.0,5,1.5,2021,3,Suburban North,2.0,8488.0,22.3,456200.0
PROP-10996,3268.0,5,1.5,1983,41,Suburban North,2.0,6718.0,23.5,605900.0
PROP-10997,2517.0,5,3.5,1967,57,Lakeside,1.0,5510.0,2.3,638900.0
PROP-10998,1729.0,3,1.5,2020,4,Suburban North,0.0,,13.0,402300.0
PROP-10999,2472.0,5,2.0,1989,35,Suburban North,0.0,8285.0,10.0,501400.0
PROP-11000,3010.0,4,2.0,2003,21,Suburban North,2.0,6710.0,16.0,610500.0
PROP-11001,2701.0,2,2.0,2012,12,Suburban North,2.0,8286.0,20.0,537700.0
PROP-11002,2139.0,3,1.0,1969,55,Suburban North,2.0,8598.0,7.7,456000.0
PROP-11003,1679.0,4,1.0,1982,42,Lakeside,2.0,9583.0,14.4,439600.0
PROP-11004,2554.0,2,1.5,2011,13,Suburban North,0.0,10707.0,18.0,511900.0
PROP-11005,2356.0,3,2.0,2008,16,Suburban North,1.0,7695.0,4.2,532900.0
PROP-11006,2682.0,3,2.0,1970,54,West Hills,1.0,4231.0,20.5,523900.0
PROP-11007,2513.0,2,1.5,1961,63,Suburban North,1.0,6637.0,15.5,461600.0
PROP-11008,2782.0,3,2.5,2017,7,Suburban North,0.0,7610.0,23.8,540200.0
PROP-11009,1752.0,4,3.0,1985,39,Metro East,3.0,2911.0,9.1,425800.0
PROP-11010,2956.0,3,1.0,1995,29,West Hills,1.0,10972.0,3.6,599000.0
PROP-11011,2228.0,1,2.0,1992,32,West Hills,3.0,7856.0,13.2,496600.0
PROP-11012,3449.0,1,2.5,2006,18,West Hills,1.0,8453.0,3.1,714500.0
PROP-11013,1652.0,3,2.0,1972,52,Downtown,3.0,10914.0,24.3,450600.0
PROP-11014,3228.0,5,2.0,1999,25,West Hills,2.0,5925.0,1.9,720800.0
PROP-11015,2229.0,2,2.5,1984,40,Suburban North,3.0,8935.0,19.1,490200.0
PROP-11016,1677.0,3,3.0,1963,61,Suburban North,0.0,7225.0,13.6,354100.0
PROP-11017,1785.0,2,3.0,2001,23,Suburban North,2.0,,9.8,437900.0
PROP-11018,1892.0,3,2.0,1978,46,Downtown,3.0,5570.0,2.6,522400.0
PROP-11019,2376.0,4,2.5,1977,47,Downtown,1.0,11664.0,15.9,526700.0
PROP-11020,2440.0,4,2.0,1996,28,Metro East,0.0,6561.0,15.0,488900.0
PROP-11021,1727.0,2,2.5,1989,35,Suburban North,1.0,9249.0,7.7,446700.0
PROP-11022,2084.0,3,2.0,1978,46,Suburban North,3.0,2812.0,22.8,467200.0
PROP-11023,3492.0,1,1.5,2017,7,Downtown,2.0,10450.0,8.3,734300.0
PROP-11024,3223.0,3,2.5,1982,42,Downtown,2.0,10131.0,11.8,687400.0
PROP-11025,2384.0,3,2.0,2018,6,West Hills,1.0,7744.0,14.1,551600.0
PROP-11026,2125.0,2,2.0,2013,11,Suburban North,0.0,,3.4,446300.0
PROP-11027,2178.0,3,3.0,1975,49,Suburban North,2.0,8500.0,23.4,482900.0
PROP-11028,2499.0,3,1.0,1960,64,Downtown,0.0,13222.0,10.0,525900.0
PROP-11029,1435.0,5,2.0,1971,53,West Hills,2.0,3092.0,2.9,425800.0
PROP-11030,1933.0,6,1.0,1983,41,Downtown,3.0,9455.0,10.3,548100.0
PROP-11031,1015.0,1,2.5,1993,31,Downtown,1.0,5221.0,15.4,308400.0
PROP-11032,2359.0,4,2.5,2012,12,Suburban North,2.0,7450.0,13.3,535900.0
PROP-11033,2521.0,3,2.0,2016,8,Suburban North,0.0,6880.0,17.7,507000.0
PROP-11034,1786.0,3,2.5,1967,57,Downtown,2.0,6429.0,2.3,459500.0
PROP-11035,3123.0,4,2.0,1977,47,West Hills,1.0,7474.0,7.8,642300.0
PROP-11036,1303.0,5,2.5,2016,8,West Hills,2.0,4665.0,20.7,378600.0
PROP-11037,1148.0,5,2.0,2007,17,Lakeside,1.0,10073.0,2.9,454600.0
PROP-11038,2246.0,3,2.0,1964,60,Suburban North,2.0,3015.0,21.5,450900.0
PROP-11039,2781.0,3,3.5,1985,39,Downtown,2.0,8849.0,3.2,643900.0
PROP-11040,3195.0,4,2.0,1989,35,Suburban North,1.0,6684.0,21.0,591700.0
PROP-11041,1802.0,3,1.5,2013,11,Metro East,2.0,4573.0,9.7,407400.0
PROP-11042,2801.0,3,2.0,1972,52,West Hills,1.0,8006.0,15.7,574600.0
PROP-11043,2075.0,3,3.5,1978,46,West Hills,2.0,3608.0,4.7,527200.0
PROP-11044,1988.0,3,2.0,1988,36,Downtown,1.0,7599.0,2.6,485100.0
PROP-11045,2674.0,2,1.0,1962,62,Suburban North,2.0,3943.0,6.2,493800.0
PROP-11046,2524.0,2,2.0,1985,39,Downtown,1.0,8653.0,4.1,571500.0
PROP-11047,1075.0,5,2.0,1999,25,West Hills,1.0,5189.0,8.5,351000.0
PROP-11048,3060.0,2,1.5,2018,6,Metro East,1.0,6373.0,13.3,566600.0
PROP-11049,2997.0,3,2.5,2017,7,Metro East,2.0,8235.0,15.1,602400.0
PROP-11050,1693.0,2,4.0,2017,7,Suburban North,1.0,5569.0,20.0,424200.0
PROP-11051,2357.0,1,2.0,2022,2,Suburban North,2.0,7355.0,16.7,508200.0
PROP-11052,2421.0,1,2.0,1971,53,Metro East,2.0,3715.0,15.6,423700.0
PROP-11053,2269.0,2,2.0,1961,63,West Hills,1.0,9077.0,10.9,440900.0
PROP-11054,1742.0,4,1.5,1970,54,Downtown,2.0,11912.0,12.4,446300.0
PROP-11055,1663.0,3,3.0,2003,21,Suburban North,0.0,14481.0,10.9,444200.0
PROP-11056,2083.0,5,2.0,1987,37,Downtown,1.0,7728.0,21.2,539000.0
PROP-11057,2862.0,3,2.0,1977,47,Suburban North,2.0,9471.0,6.5,615600.0
PROP-11058,2453.0,3,2.5,1972,52,Suburban North,2.0,3048.0,1.1,527600.0
PROP-11059,1859.0,3,2.0,1996,28,West Hills,2.0,11257.0,16.6,426400.0
PROP-11060,2602.0,3,2.5,1981,43,Suburban North,1.0,9441.0,5.9,500400.0
PROP-11061,600.0,4,1.0,1971,53,Downtown,1.0,6290.0,22.4,231700.0
PROP-11062,2847.0,3,3.0,1961,63,Suburban North,1.0,10593.0,21.6,543600.0
PROP-11063,969.0,3,3.5,2022,2,Lakeside,2.0,6864.0,2.8,456300.0
PROP-11064,1864.0,4,2.5,1996,28,West Hills,2.0,6355.0,3.6,513800.0
PROP-11065,1372.0,5,3.5,1966,58,Suburban North,2.0,8688.0,12.9,403000.0
PROP-11066,1258.0,4,1.5,1985,39,Metro East,1.0,4842.0,15.6,285800.0
PROP-11067,2855.0,3,2.0,1985,39,Metro East,1.0,10054.0,7.6,533200.0
PROP-11068,1796.0,4,2.5,1983,41,Downtown,1.0,4860.0,18.2,461400.0
PROP-11069,2325.0,3,2.0,1971,53,Downtown,0.0,4875.0,15.3,507000.0
PROP-11070,2070.0,3,2.0,1975,49,West Hills,1.0,5226.0,8.8,474300.0
PROP-11071,2410.0,2,2.0,1982,42,Lakeside,2.0,9399.0,1.6,562900.0
PROP-11072,2150.0,3,1.5,1999,25,Metro East,2.0,5958.0,19.0,449700.0
PROP-11073,1266.0,2,2.0,2021,3,Lakeside,2.0,4130.0,6.2,434100.0
PROP-11074,2748.0,3,1.5,2019,5,West Hills,2.0,5986.0,21.0,559800.0
PROP-11075,1779.0,4,2.5,1968,56,Suburban North,0.0,7420.0,11.1,386400.0
PROP-11076,1088.0,2,1.5,1991,33,Downtown,2.0,4548.0,14.8,349500.0
PROP-11077,1822.0,2,1.0,1974,50,Downtown,0.0,4621.0,22.0,376400.0
PROP-11078,3075.0,2,2.0,1996,28,Suburban North,3.0,12778.0,21.7,633600.0
PROP-11079,2653.0,5,2.0,1972,52,West Hills,2.0,5349.0,9.9,597000.0
PROP-11080,1873.0,3,3.0,1964,60,West Hills,1.0,6692.0,6.0,447600.0
PROP-11081,1873.0,3,2.0,1970,54,West Hills,3.0,6582.0,19.6,447400.0
PROP-11082,1891.0,4,2.0,1969,55,Suburban North,0.0,6447.0,11.4,407800.0
PROP-11083,3450.0,4,3.0,2011,13,West Hills,2.0,9053.0,5.6,733500.0
PROP-11084,2348.0,3,2.0,1972,52,Downtown,2.0,9870.0,22.7,504700.0
PROP-11085,2380.0,3,1.0,2000,24,Suburban North,1.0,6735.0,5.8,505300.0
PROP-11086,2770.0,4,2.0,2012,12,Lakeside,1.0,4409.0,1.6,672500.0
PROP-11087,2255.0,3,3.0,2005,19,West Hills,2.0,10686.0,1.5,577100.0
PROP-11088,1932.0,2,2.0,2009,15,Metro East,2.0,7262.0,15.9,443800.0
PROP-11089,1972.0,4,2.0,1974,50,Suburban North,0.0,11826.0,16.9,408500.0
PROP-11090,2053.0,3,1.5,2001,23,Suburban North,3.0,2000.0,8.5,504500.0
PROP-11091,2076.0,3,1.5,2015,9,Suburban North,1.0,7989.0,8.7,447400.0
PROP-11092,2573.0,3,2.0,2022,2,Suburban North,1.0,12297.0,9.1,535400.0
PROP-11093,2134.0,1,2.0,1966,58,Lakeside,1.0,6617.0,17.3,440400.0
PROP-11094,2576.0,2,1.0,1999,25,West Hills,0.0,6936.0,2.4,516200.0
PROP-11095,2048.0,4,3.5,1987,37,Lakeside,1.0,8239.0,23.3,519800.0
PROP-11096,2151.0,1,2.5,1991,33,Downtown,3.0,6103.0,6.3,538400.0
PROP-11097,801.0,3,2.0,1994,30,Lakeside,1.0,6720.0,25.0,312600.0
PROP-11098,2696.0,3,3.0,2022,2,Downtown,1.0,6655.0,5.1,613500.0
PROP-11099,2325.0,2,1.0,1974,50,Lakeside,1.0,5931.0,19.5,487600.0
PROP-11100,2749.0,5,2.0,2007,17,Suburban North,2.0,10572.0,6.4,605500.0
PROP-11101,600.0,2,2.5,1995,29,Suburban North,2.0,8653.0,2.9,236300.0
PROP-11102,3457.0,3,3.0,1980,44,Suburban North,1.0,8127.0,22.0,626700.0
PROP-11103,2009.0,3,2.5,1965,59,Metro East,0.0,9521.0,21.6,369100.0
PROP-11104,2820.0,2,2.0,1960,64,Downtown,1.0,6839.0,10.7,598100.0
PROP-11105,1424.0,1,3.5,1963,61,Suburban North,0.0,5564.0,17.9,315200.0
PROP-11106,2498.0,4,1.5,1970,54,Lakeside,1.0,5993.0,14.4,572300.0
PROP-11107,1415.0,5,3.0,2003,21,Suburban North,1.0,7504.0,21.5,361400.0
PROP-11108,1695.0,2,4.0,1985,39,Downtown,1.0,4852.0,8.6,484300.0
PROP-11109,3344.0,3,1.5,2020,4,Suburban North,2.0,6249.0,13.6,678200.0
PROP-11110,1976.0,4,2.5,1996,28,Suburban North,1.0,6210.0,12.6,422100.0
PROP-11111,2241.0,4,1.0,1982,42,Metro East,3.0,12811.0,9.5,471200.0
PROP-11112,2666.0,3,2.0,1988,36,Lakeside,3.0,2000.0,22.4,612700.0
PROP-11113,2422.0,3,2.0,1980,44,Suburban North,2.0,7051.0,5.0,532200.0
PROP-11114,2198.0,3,2.0,2007,17,Metro East,1.0,11814.0,4.6,464800.0
PROP-11115,2337.0,4,3.5,2004,20,Suburban North,1.0,7805.0,14.8,526100.0
PROP-11116,3662.0,4,2.5,2004,20,Downtown,1.0,9384.0,16.8,738300.0
PROP-11117,2063.0,2,2.0,2008,16,Suburban North,2.0,7750.0,5.7,475800.0
PROP-11118,2231.0,3,3.0,1986,38,Suburban North,2.0,5832.0,10.4,525100.0
PROP-11119,2783.0,5,3.5,1998,26,Downtown,2.0,2000.0,23.7,628000.0
PROP-11120,2819.0,4,1.0,1999,25,Metro East,3.0,8014.0,6.9,595700.0
PROP-11121,2872.0,6,4.0,1972,52,Lakeside,1.0,5561.0,17.0,666600.0
PROP-11122,2515.0,4,1.0,1982,42,Suburban North,2.0,5499.0,18.8,487900.0
PROP-11123,1357.0,3,3.0,2018,6,West Hills,0.0,6253.0,11.8,405400.0
PROP-11124,3162.0,3,2.0,1975,49,West Hills,1.0,11862.0,23.5,623700.0
PROP-11125,1355.0,3,1.5,1989,35,Metro East,1.0,13512.0,18.7,326100.0
PROP-11126,2297.0,2,2.0,2020,4,Lakeside,1.0,8043.0,12.0,530800.0
PROP-11127,1610.0,3,2.5,2022,2,Suburban North,2.0,6338.0,14.7,412400.0
PROP-11128,2058.0,4,2.0,1963,61,Lakeside,1.0,4557.0,17.6,508400.0
PROP-11129,2314.0,2,1.0,1999,25,West Hills,2.0,8671.0,15.2,496100.0
PROP-11130,2309.0,4,2.0,1975,49,West Hills,2.0,11957.0,22.1,494200.0
PROP-11131,2374.0,3,3.0,1990,34,Downtown,2.0,6882.0,9.6,582900.0
PROP-11132,3149.0,5,2.0,2012,12,Downtown,1.0,2000.0,8.2,677100.0
PROP-11133,2395.0,1,1.5,2001,23,Suburban North,2.0,9175.0,6.1,529200.0
PROP-11134,1941.0,3,2.0,1984,40,Suburban North,2.0,9963.0,1.9,490300.0
PROP-11135,2727.0,3,1.0,2003,21,Downtown,1.0,3535.0,2.0,603800.0
PROP-11136,2873.0,3,3.0,1971,53,West Hills,0.0,7941.0,21.9,588200.0
PROP-11137,1302.0,4,3.0,1985,39,Downtown,2.0,8628.0,17.3,417800.0
PROP-11138,2488.0,4,2.0,1996,28,West Hills,2.0,7317.0,16.9,570700.0
PROP-11139,2556.0,2,2.0,2023,1,Suburban North,2.0,5523.0,15.8,560800.0
PROP-11140,1907.0,3,2.5,2007,17,Metro East,2.0,10040.0,21.4,430900.0
PROP-11141,2994.0,3,2.0,1992,32,Suburban North,2.0,6492.0,12.5,592500.0
PROP-11142,2002.0,3,3.0,1987,37,Downtown,1.0,3787.0,21.9,447200.0
PROP-11143,2182.0,5,2.5,1968,56,West Hills,0.0,2376.0,9.6,491600.0
PROP-11144,1988.0,4,2.5,1971,53,Lakeside,1.0,10652.0,23.2,509700.0
PROP-11145,2110.0,3,2.0,1964,60,Metro East,2.0,9042.0,17.8,441300.0
PROP-11146,1387.0,4,2.0,2013,11,Suburban North,2.0,7720.0,7.2,410300.0
PROP-11147,1164.0,3,3.5,2011,13,Suburban North,1.0,6399.0,14.5,342700.0
PROP-11148,3136.0,5,2.0,2013,11,Metro East,2.0,6178.0,13.8,598100.0
PROP-11149,1549.0,3,2.5,1987,37,Downtown,1.0,4811.0,4.3,427200.0
PROP-11150,1456.0,4,1.5,2015,9,West Hills,1.0,6421.0,15.2,392100.0
PROP-11151,700.0,4,2.5,1994,30,Suburban North,1.0,2200.0,8.6,268500.0
PROP-11152,1685.0,3,2.0,1964,60,Downtown,1.0,5660.0,2.3,447600.0
PROP-11153,1240.0,4,1.5,1993,31,Suburban North,1.0,6723.0,23.8,347600.0
PROP-11154,3167.0,2,1.0,2005,19,Suburban North,0.0,9025.0,16.4,568400.0
PROP-11155,2756.0,3,2.5,1993,31,West Hills,1.0,7400.0,22.0,562300.0
PROP-11156,1653.0,3,2.5,1972,52,Metro East,0.0,9487.0,17.2,339100.0
PROP-11157,3564.0,5,2.0,1998,26,Suburban North,2.0,10873.0,9.6,721400.0
PROP-11158,2738.0,4,1.5,2001,23,Lakeside,1.0,10145.0,13.3,607400.0
PROP-11159,1889.0,4,2.5,2004,20,Downtown,3.0,8676.0,17.2,522500.0
PROP-11160,600.0,4,1.0,2007,17,Suburban North,1.0,7530.0,24.0,227900.0
PROP-11161,3589.0,3,2.0,2017,7,Downtown,1.0,5048.0,7.1,741400.0
PROP-11162,1197.0,5,1.5,1973,51,Metro East,1.0,9350.0,22.0,299800.0
PROP-11163,1030.0,3,1.5,1970,54,Lakeside,0.0,11699.0,23.2,318800.0
PROP-11164,2765.0,3,1.5,2001,23,West Hills,2.0,8355.0,17.1,547800.0
PROP-11165,3686.0,2,2.0,1997,27,Lakeside,0.0,12293.0,23.4,722000.0
PROP-11166,3000.0,4,1.0,1963,61,West Hills,3.0,3686.0,10.5,601800.0
PROP-11167,2467.0,4,2.0,2012,12,Metro East,2.0,4615.0,23.9,483700.0
PROP-11168,2487.0,3,2.0,1992,32,West Hills,2.0,9638.0,17.9,522800.0
PROP-11169,2655.0,1,2.0,1966,58,Metro East,2.0,8161.0,2.0,514800.0
PROP-11170,2593.0,4,2.0,2015,9,Suburban North,2.0,10784.0,22.8,549000.0
PROP-11171,2283.0,1,3.0,2000,24,Downtown,1.0,7461.0,12.6,492900.0
PROP-11172,2168.0,4,1.5,1967,57,Suburban North,2.0,5330.0,12.0,472700.0
PROP-11173,2059.0,5,2.0,1996,28,Downtown,0.0,6966.0,14.6,475000.0
PROP-11174,1610.0,3,1.0,2023,1,West Hills,0.0,3668.0,4.6,406900.0
PROP-11175,1918.0,2,1.0,2010,14,Suburban North,2.0,4679.0,12.3,424800.0
PROP-11176,1000.0,4,2.0,1969,55,West Hills,2.0,9931.0,20.9,335500.0
PROP-11177,2036.0,4,2.0,2002,22,Downtown,2.0,9682.0,1.4,578100.0
PROP-11178,1457.0,3,3.0,2016,8,Downtown,1.0,8408.0,7.6,424400.0
PROP-11179,1383.0,5,2.0,1974,50,Suburban North,2.0,3197.0,1.1,392400.0
PROP-11180,2217.0,2,3.5,1997,27,Metro East,1.0,6604.0,11.0,465100.0
PROP-11181,3005.0,3,1.0,1974,50,Suburban North,1.0,4438.0,18.5,548600.0
PROP-11182,2697.0,4,1.0,1964,60,Suburban North,1.0,10441.0,20.2,510100.0
PROP-11183,1079.0,4,1.0,1988,36,West Hills,1.0,6041.0,23.7,294300.0
PROP-11184,1457.0,2,1.5,1978,46,West Hills,1.0,4786.0,15.6,338100.0
PROP-11185,2712.0,4,2.0,2013,11,Suburban North,2.0,7574.0,7.1,573300.0
PROP-11186,1461.0,3,2.5,2010,14,Suburban North,2.0,5900.0,23.2,393300.0
PROP-11187,1954.0,3,1.0,1969,55,Downtown,1.0,11209.0,19.6,444500.0
PROP-11188,2458.0,2,3.5,1971,53,Metro East,2.0,5663.0,14.8,511600.0
PROP-11189,1471.0,4,3.0,2013,11,Downtown,2.0,4002.0,17.7,447500.0
PROP-11190,2168.0,2,2.0,1963,61,Suburban North,2.0,2118.0,23.2,409700.0
PROP-11191,1233.0,3,1.0,1990,34,Downtown,2.0,7423.0,18.1,339100.0
PROP-11192,1709.0,3,1.5,1977,47,Downtown,1.0,6095.0,9.8,432900.0
PROP-11193,2308.0,4,1.5,1975,49,Lakeside,2.0,3928.0,18.1,523200.0
PROP-11194,1065.0,3,1.5,1999,25,Downtown,2.0,10473.0,2.0,414900.0
PROP-11195,2386.0,4,2.0,1995,29,Downtown,1.0,9168.0,10.3,537000.0
PROP-11196,2087.0,3,1.5,1984,40,Suburban North,1.0,7429.0,10.8,445500.0
PROP-11197,2459.0,3,2.0,1982,42,Downtown,2.0,10911.0,5.0,605100.0
PROP-11198,2246.0,3,4.0,1971,53,Downtown,0.0,9156.0,1.6,559600.0
PROP-11199,2987.0,4,2.5,1993,31,Lakeside,3.0,5443.0,4.2,715100.0
PROP-11200,2181.0,5,3.5,1995,29,Lakeside,1.0,4902.0,16.7,556300.0
PROP-11201,1821.0,1,1.5,1996,28,Metro East,2.0,9545.0,20.3,340400.0
PROP-11202,2179.0,3,2.0,1962,62,Lakeside,1.0,8491.0,24.7,503700.0
PROP-11203,2453.0,2,2.0,1968,56,West Hills,2.0,7924.0,9.3,550200.0
PROP-11204,2132.0,3,1.0,2020,4,Downtown,2.0,5384.0,15.4,502900.0
PROP-11205,2126.0,3,1.0,2012,12,Lakeside,1.0,9020.0,23.5,479000.0
PROP-11206,1644.0,3,2.5,1977,47,Lakeside,2.0,5611.0,5.0,433800.0
PROP-11207,1669.0,3,2.5,2002,22,Lakeside,0.0,7245.0,18.2,428500.0
PROP-11208,1188.0,3,2.0,1994,30,Suburban North,0.0,11117.0,19.1,298200.0
PROP-11209,3237.0,3,2.0,2021,3,Downtown,1.0,5848.0,3.1,726100.0
PROP-11210,1291.0,4,2.0,2022,2,Lakeside,2.0,3568.0,21.7,439200.0
PROP-11211,1650.0,3,1.0,2016,8,West Hills,1.0,4869.0,20.5,399000.0
PROP-11212,1633.0,2,2.0,2014,10,Metro East,1.0,9986.0,1.8,382800.0
PROP-11213,2682.0,4,1.5,1993,31,Downtown,1.0,8137.0,3.2,594200.0
PROP-11214,1908.0,3,1.0,2000,24,Downtown,2.0,7178.0,2.2,516500.0
PROP-11215,2911.0,3,3.5,1973,51,Downtown,2.0,6227.0,9.0,654300.0
PROP-11216,1662.0,3,2.0,1963,61,Lakeside,1.0,8713.0,13.2,398700.0
PROP-11217,2281.0,3,2.5,1988,36,Downtown,0.0,5377.0,13.8,499300.0
PROP-11218,1557.0,2,2.0,2000,24,Downtown,3.0,8264.0,7.4,437300.0
PROP-11219,3494.0,3,2.0,2022,2,Metro East,1.0,5672.0,22.9,624600.0
PROP-11220,1328.0,5,1.5,2004,20,Downtown,2.0,5256.0,9.8,437900.0
PROP-11221,2301.0,3,1.0,2009,15,Lakeside,2.0,5906.0,2.1,570800.0
PROP-11222,2512.0,3,1.5,1974,50,Suburban North,2.0,6561.0,8.2,513000.0
PROP-11223,2369.0,3,2.5,1987,37,Lakeside,1.0,7378.0,13.7,584800.0
PROP-11224,1980.0,2,2.5,2001,23,West Hills,2.0,8089.0,10.8,469900.0
PROP-11225,2016.0,3,2.0,1975,49,Metro East,2.0,2000.0,7.6,461200.0
PROP-11226,2128.0,4,2.0,1971,53,Metro East,2.0,5481.0,4.2,452000.0
PROP-11227,2004.0,2,3.5,2011,13,Downtown,1.0,6521.0,20.7,497300.0
PROP-11228,2727.0,3,1.0,1964,60,Downtown,1.0,11263.0,24.9,530500.0
PROP-11229,3537.0,3,2.0,1993,31,Suburban North,1.0,4800.0,8.9,668200.0
PROP-11230,1738.0,3,2.0,2001,23,West Hills,2.0,7907.0,10.2,459700.0
PROP-11231,1210.0,6,2.5,1960,64,Lakeside,2.0,11238.0,15.8,436700.0
PROP-11232,2043.0,2,4.0,1998,26,Suburban North,1.0,4218.0,18.2,445100.0
PROP-11233,3777.0,3,1.5,1991,33,West Hills,2.0,,10.4,712000.0
PROP-11234,1578.0,2,3.0,1985,39,Downtown,1.0,5494.0,22.7,448200.0
PROP-11235,3165.0,5,3.0,1976,48,Lakeside,2.0,6238.0,14.4,707100.0
PROP-11236,3191.0,2,1.5,2007,17,Metro East,3.0,5492.0,11.8,621600.0
PROP-11237,1740.0,3,2.0,2018,6,Suburban North,1.0,5670.0,16.5,380100.0
PROP-11238,2470.0,4,2.0,1986,38,Suburban North,1.0,14305.0,23.9,498600.0
PROP-11239,3158.0,4,4.0,1983,41,Downtown,1.0,9611.0,20.1,681300.0
PROP-11240,1854.0,3,1.5,1994,30,West Hills,2.0,10254.0,2.0,481000.0
PROP-11241,1968.0,3,2.5,2005,19,Suburban North,2.0,8730.0,9.0,425800.0
PROP-11242,1722.0,3,2.0,2001,23,Downtown,,3484.0,12.3,478300.0
PROP-11243,1440.0,3,2.5,2013,11,Suburban North,1.0,8487.0,8.5,368300.0
PROP-11244,1678.0,2,2.0,1998,26,Suburban North,3.0,10182.0,17.8,413400.0
PROP-11245,1304.0,3,2.0,1985,39,Suburban North,0.0,5367.0,20.8,282600.0
PROP-11246,2122.0,3,3.0,2008,16,West Hills,2.0,9913.0,18.6,501800.0
PROP-11247,1600.0,3,3.0,2021,3,Downtown,0.0,9261.0,24.7,423300.0
PROP-11248,2252.0,3,3.0,1997,27,Lakeside,2.0,12130.0,7.5,572600.0
PROP-11249,1089.0,5,1.0,1982,42,West Hills,2.0,6456.0,22.0,320700.0
PROP-11250,2315.0,3,2.5,1981,43,Suburban North,2.0,4756.0,19.4,464500.0
PROP-11251,2642.0,2,1.5,1963,61,Downtown,2.0,6596.0,9.7,522900.0
PROP-11252,804.0,2,2.0,2008,16,Lakeside,1.0,11089.0,18.6,340300.0
PROP-11253,2343.0,5,2.0,2018,6,Metro East,0.0,2929.0,3.5,483200.0
PROP-11254,2898.0,3,2.0,1968,56,Downtown,2.0,2329.0,19.9,591100.0
PROP-11255,1314.0,2,2.0,1963,61,Suburban North,1.0,7723.0,13.8,319900.0
PROP-11256,3187.0,3,4.0,1966,58,Downtown,1.0,6394.0,8.0,671100.0
PROP-11257,2372.0,3,1.5,1982,42,West Hills,2.0,7519.0,16.7,495200.0
PROP-11258,1642.0,3,2.5,1961,63,Downtown,2.0,9863.0,16.4,436000.0
PROP-11259,2064.0,3,2.0,2008,16,Suburban North,0.0,6119.0,6.0,474000.0
PROP-11260,2463.0,1,1.5,1983,41,West Hills,1.0,2817.0,1.7,484300.0
PROP-11261,2149.0,5,1.5,1999,25,West Hills,0.0,12611.0,11.4,496800.0
PROP-11262,2450.0,3,3.5,2014,10,Suburban North,1.0,5007.0,14.7,507600.0
PROP-11263,1502.0,3,3.0,2021,3,Suburban North,2.0,4852.0,22.0,391500.0
PROP-11264,2210.0,4,3.0,1990,34,West Hills,3.0,10259.0,23.3,538300.0
PROP-11265,1181.0,3,4.0,2006,18,Downtown,2.0,6539.0,13.7,406800.0
PROP-11266,2028.0,3,1.5,1990,34,Downtown,1.0,7342.0,19.1,457700.0
PROP-11267,1512.0,3,2.0,2006,18,Lakeside,3.0,8707.0,11.5,450400.0
PROP-11268,1622.0,3,2.5,1999,25,Downtown,2.0,10209.0,18.9,451100.0
PROP-11269,2903.0,4,2.0,2007,17,West Hills,1.0,6666.0,5.9,647300.0
PROP-11270,2809.0,5,2.0,2010,14,Metro East,3.0,11300.0,9.9,592700.0
PROP-11271,2496.0,2,2.0,2002,22,Suburban North,2.0,2161.0,16.2,495800.0
PROP-11272,1390.0,2,2.0,1993,31,Suburban North,2.0,9399.0,1.4,385200.0
PROP-11273,1894.0,5,2.0,2014,10,West Hills,2.0,5401.0,18.3,512000.0
PROP-11274,2889.0,4,1.5,1983,41,Lakeside,1.0,10931.0,21.1,592500.0
PROP-11275,2192.0,4,2.0,2008,16,Metro East,1.0,7855.0,10.6,470700.0
PROP-11276,3608.0,2,2.0,2019,5,West Hills,2.0,5818.0,11.8,721700.0
PROP-11277,2356.0,3,2.0,1985,39,Downtown,1.0,9157.0,21.4,515400.0
PROP-11278,2225.0,4,1.5,1975,49,West Hills,1.0,9733.0,19.6,434600.0
PROP-11279,1899.0,3,2.5,2016,8,Suburban North,2.0,9105.0,7.9,483400.0
PROP-11280,2187.0,3,1.0,2006,18,Suburban North,2.0,4926.0,8.8,503300.0
PROP-11281,2001.0,1,2.0,1972,52,Downtown,2.0,6290.0,17.3,453400.0
PROP-11282,2560.0,3,2.5,1974,50,Downtown,2.0,7490.0,14.5,555500.0
PROP-11283,2722.0,3,2.0,1986,38,Lakeside,2.0,7397.0,4.9,624300.0
PROP-11284,1589.0,3,2.0,1963,61,Suburban North,2.0,9374.0,8.4,417200.0
PROP-11285,1235.0,5,2.5,1975,49,Suburban North,1.0,2463.0,22.6,343400.0
PROP-11286,906.0,3,2.0,2023,1,Suburban North,1.0,8336.0,17.5,304200.0
PROP-11287,2430.0,4,2.5,1989,35,Lakeside,1.0,6775.0,24.7,569700.0
PROP-11288,1383.0,2,2.5,2003,21,West Hills,1.0,5404.0,19.4,351500.0
PROP-11289,701.0,3,2.5,1989,35,Suburban North,1.0,5644.0,23.6,232100.0
PROP-11290,2353.0,5,2.0,1995,29,Downtown,1.0,6964.0,6.2,571600.0
PROP-11291,3720.0,2,1.5,1962,62,Suburban North,2.0,2000.0,19.5,653300.0
PROP-11292,2096.0,1,2.0,1981,43,Metro East,3.0,5747.0,1.5,475800.0
PROP-11293,2645.0,3,2.0,2008,16,West Hills,1.0,5310.0,17.1,577300.0
PROP-11294,2153.0,2,2.0,1981,43,Suburban North,2.0,8832.0,12.3,433100.0
PROP-11295,2036.0,4,2.0,2009,15,West Hills,2.0,5486.0,9.3,515300.0
PROP-11296,2697.0,5,2.0,2016,8,Suburban North,0.0,6962.0,21.7,561900.0
PROP-11297,1911.0,3,1.0,2009,15,Lakeside,3.0,11356.0,21.5,513900.0
PROP-11298,2274.0,3,2.0,2014,10,Suburban North,2.0,9986.0,1.5,519700.0
PROP-11299,2309.0,3,2.0,2019,5,Downtown,1.0,9756.0,15.6,596100.0
PROP-11300,1666.0,4,2.5,2008,16,Downtown,2.0,6250.0,9.8,463000.0
PROP-11301,2745.0,1,1.0,1971,53,Suburban North,1.0,8858.0,11.0,475400.0
PROP-11302,1986.0,3,2.0,2014,10,Metro East,2.0,6915.0,21.0,434700.0
PROP-11303,1609.0,3,3.5,1980,44,Suburban North,0.0,7010.0,8.4,431600.0
PROP-11304,2449.0,3,1.5,2015,9,Lakeside,2.0,8524.0,23.6,556500.0
PROP-11305,1516.0,2,2.0,1963,61,Lakeside,1.0,6008.0,5.3,409100.0
PROP-11306,2118.0,4,1.0,1990,34,Downtown,2.0,11233.0,16.9,525500.0
PROP-11307,2094.0,2,2.5,2003,21,Downtown,1.0,7100.0,17.1,492400.0
PROP-11308,2806.0,2,2.0,1990,34,Downtown,2.0,9046.0,7.1,607800.0
PROP-11309,2409.0,4,2.0,2017,7,West Hills,2.0,11139.0,8.8,588500.0
PROP-11310,2084.0,4,2.0,1982,42,Downtown,2.0,10079.0,21.0,510100.0
PROP-11311,2632.0,1,3.0,2013,11,Suburban North,2.0,3978.0,19.3,554600.0
PROP-11312,3004.0,2,1.5,2012,12,Suburban North,2.0,8612.0,8.9,622300.0
PROP-11313,2463.0,2,1.0,1979,45,West Hills,2.0,,13.8,513100.0
PROP-11314,2107.0,3,3.0,1974,50,Downtown,2.0,9730.0,2.5,546900.0
PROP-11315,1247.0,2,2.0,1982,42,Suburban North,2.0,4717.0,6.0,338200.0
PROP-11316,1408.0,2,3.0,1987,37,Suburban North,2.0,5857.0,12.7,377100.0
PROP-11317,1902.0,3,2.0,1975,49,Suburban North,1.0,9986.0,3.1,434800.0
PROP-11318,1704.0,4,3.0,1996,28,Lakeside,1.0,5596.0,21.2,476400.0
PROP-11319,1978.0,3,2.0,1980,44,Downtown,1.0,6751.0,18.2,483600.0
PROP-11320,2137.0,3,2.5,1974,50,Lakeside,2.0,11440.0,23.6,548400.0
PROP-11321,2444.0,2,3.0,1976,48,West Hills,1.0,7381.0,17.6,487200.0
PROP-11322,2054.0,5,2.0,2009,15,West Hills,2.0,5683.0,23.6,501100.0
PROP-11323,2416.0,4,1.5,1996,28,West Hills,2.0,5306.0,14.3,527400.0
PROP-11324,2142.0,4,2.0,1972,52,Suburban North,1.0,8332.0,15.4,449500.0
PROP-11325,816.0,4,1.5,1978,46,Downtown,2.0,4167.0,24.4,303700.0
PROP-11326,1489.0,5,1.5,1989,35,West Hills,1.0,6882.0,16.4,408400.0
PROP-11327,2006.0,3,2.0,2004,20,Suburban North,1.0,8333.0,1.7,466300.0
PROP-11328,1314.0,2,2.0,1977,47,West Hills,2.0,10748.0,18.4,316300.0
PROP-11329,2490.0,3,2.0,1973,51,Suburban North,0.0,9169.0,22.7,449200.0
PROP-11330,3095.0,4,2.0,2021,3,Metro East,1.0,5715.0,20.1,609600.0
PROP-11331,2892.0,4,2.5,1995,29,West Hills,2.0,10446.0,15.0,581700.0
PROP-11332,1961.0,3,1.0,1995,29,Downtown,1.0,6751.0,17.1,474700.0
PROP-11333,3069.0,2,1.0,1979,45,Suburban North,3.0,4411.0,24.8,568800.0
PROP-11334,2197.0,3,1.5,2011,13,Lakeside,3.0,7070.0,3.2,606000.0
PROP-11335,1881.0,5,2.0,1978,46,Lakeside,1.0,11095.0,17.0,495500.0
PROP-11336,1701.0,3,1.5,2004,20,Suburban North,0.0,7913.0,7.8,351500.0
PROP-11337,1903.0,3,2.0,2003,21,Lakeside,2.0,7531.0,16.4,513000.0
PROP-11338,1848.0,3,2.0,1966,58,Suburban North,2.0,,15.6,437500.0
PROP-11339,2211.0,3,3.0,2016,8,Suburban North,1.0,3922.0,4.7,529800.0
PROP-11340,2204.0,4,1.0,2003,21,Lakeside,2.0,4286.0,6.0,546300.0
PROP-11341,2102.0,3,2.5,2012,12,Lakeside,0.0,3460.0,15.9,516600.0
PROP-11342,2384.0,4,2.5,1963,61,West Hills,2.0,8432.0,4.1,544200.0
PROP-11343,2874.0,3,2.5,2018,6,Lakeside,1.0,7916.0,7.4,651800.0
PROP-11344,2717.0,3,3.5,1993,31,Downtown,1.0,11357.0,21.0,622300.0
PROP-11345,1135.0,2,1.0,1961,63,Lakeside,1.0,8109.0,8.9,313800.0
PROP-11346,600.0,4,1.5,1964,60,Suburban North,3.0,6490.0,12.7,233800.0
PROP-11347,2707.0,3,3.0,2014,10,Downtown,2.0,7504.0,23.6,594200.0
PROP-11348,1212.0,3,2.0,1969,55,Downtown,2.0,7794.0,6.5,354300.0
PROP-11349,1954.0,3,2.0,1991,33,Suburban North,1.0,3321.0,10.4,433300.0
PROP-11350,1339.0,5,2.5,2001,23,Suburban North,1.0,14276.0,15.6,406700.0
PROP-11351,929.0,2,2.5,2000,24,Suburban North,1.0,8800.0,19.1,272000.0
PROP-11352,2452.0,4,3.5,1972,52,Downtown,2.0,8025.0,22.6,546600.0
PROP-11353,2593.0,3,4.0,1998,26,Suburban North,2.0,9038.0,23.0,578100.0
PROP-11354,1725.0,3,2.5,1964,60,West Hills,2.0,9274.0,19.6,449800.0
PROP-11355,600.0,1,2.0,2017,7,Suburban North,1.0,7149.0,6.5,226200.0
PROP-11356,1745.0,3,3.0,1969,55,Suburban North,3.0,5922.0,1.6,444400.0
PROP-11357,2355.0,3,1.0,1969,55,West Hills,1.0,8999.0,10.2,497900.0
PROP-11358,1139.0,2,1.5,1997,27,Lakeside,3.0,8464.0,4.4,436000.0
PROP-11359,2219.0,3,3.0,1986,38,Lakeside,0.0,5475.0,18.0,513400.0
PROP-11360,2090.0,5,2.0,2019,5,Suburban North,2.0,11048.0,16.9,482200.0
PROP-11361,2477.0,2,1.5,2023,1,West Hills,1.0,8233.0,2.1,563000.0
PROP-11362,2178.0,4,1.5,2010,14,Downtown,1.0,9325.0,21.1,526300.0
PROP-11363,1468.0,3,3.0,1980,44,Downtown,2.0,10980.0,7.0,446400.0
PROP-11364,2878.0,3,2.0,1967,57,Suburban North,1.0,7555.0,11.4,542300.0
PROP-11365,1997.0,3,2.5,1960,64,Lakeside,1.0,8292.0,17.0,502700.0
PROP-11366,2082.0,2,1.5,1987,37,Downtown,2.0,9525.0,11.3,500400.0
PROP-11367,1493.0,2,2.5,2008,16,Downtown,2.0,5688.0,11.6,418200.0
PROP-11368,1812.0,2,2.5,1998,26,Downtown,2.0,7635.0,2.6,491200.0
PROP-11369,1525.0,2,2.0,1973,51,Lakeside,1.0,7814.0,10.6,389900.0
PROP-11370,1988.0,3,2.0,1980,44,West Hills,2.0,5110.0,19.4,466700.0
PROP-11371,3213.0,4,1.5,1989,35,Suburban North,2.0,13294.0,23.0,615000.0
PROP-11372,1208.0,4,4.0,1980,44,West Hills,1.0,3982.0,10.9,380900.0
PROP-11373,1051.0,3,2.5,2008,16,Suburban North,2.0,4255.0,11.2,333800.0
PROP-11374,3056.0,2,3.5,1968,56,West Hills,1.0,10786.0,17.9,611200.0
PROP-11375,1964.0,3,2.0,1976,48,Downtown,1.0,9283.0,23.6,466800.0
PROP-11376,1665.0,3,2.5,1964,60,Lakeside,1.0,4935.0,7.4,463200.0
PROP-11377,2776.0,2,2.5,2017,7,Suburban North,1.0,9018.0,11.6,565100.0
PROP-11378,1706.0,3,2.5,2016,8,West Hills,2.0,11170.0,20.1,465600.0
PROP-11379,3287.0,3,3.5,2021,3,Downtown,2.0,7424.0,15.6,733200.0
PROP-11380,2541.0,3,2.0,1990,34,Suburban North,3.0,13997.0,3.7,562300.0
PROP-11381,1783.0,3,1.5,2011,13,Suburban North,2.0,3190.0,16.1,412200.0
PROP-11382,3502.0,4,2.5,2020,4,Suburban North,0.0,9235.0,5.5,693700.0
PROP-11383,1706.0,4,2.5,1999,25,Downtown,2.0,10416.0,13.2,494000.0
PROP-11384,2582.0,3,2.0,1997,27,Lakeside,2.0,9728.0,13.7,600700.0
PROP-11385,2295.0,5,1.5,2002,22,Downtown,1.0,6989.0,22.0,524700.0
PROP-11386,2946.0,5,2.0,2022,2,West Hills,2.0,6774.0,12.1,696200.0
PROP-11387,3115.0,3,2.0,1978,46,Lakeside,3.0,8610.0,7.7,713700.0
PROP-11388,2121.0,3,2.0,1995,29,West Hills,2.0,9539.0,6.5,498300.0
PROP-11389,1610.0,3,2.5,2009,15,West Hills,3.0,9006.0,22.0,452700.0
PROP-11390,2399.0,5,2.5,1992,32,West Hills,0.0,10100.0,5.1,559600.0
PROP-11391,1659.0,4,1.5,1972,52,Suburban North,1.0,4953.0,11.2,386600.0
PROP-11392,3409.0,2,2.0,1973,51,Lakeside,1.0,6931.0,5.5,698000.0
PROP-11393,2189.0,3,2.0,2015,9,Suburban North,2.0,5150.0,19.6,502400.0
PROP-11394,1863.0,3,1.5,1992,32,West Hills,2.0,6535.0,12.4,455600.0
PROP-11395,2220.0,3,2.5,2021,3,West Hills,3.0,10038.0,9.4,561500.0
PROP-11396,1224.0,2,3.0,1988,36,Suburban North,1.0,7770.0,9.7,353700.0
PROP-11397,1468.0,4,2.0,2002,22,Suburban North,0.0,14017.0,21.5,361900.0
PROP-11398,2880.0,3,2.5,2008,16,Suburban North,2.0,7984.0,14.3,600700.0
PROP-11399,1673.0,4,3.0,1995,29,Lakeside,2.0,7649.0,18.2,499800.0
